Loan_ID,Issue_Date,Loan_Amount,Total_Received,Region,Loan_Status,Loan_Category,Amount_Category,Month_Year
LN-1000,2023-01-01 00:00:00.000000000,20000,14814.259780963228,West,Current,Good Loan,Medium,2023-01
LN-1001,2023-01-01 17:32:15.135135135,25000,19028.591391843318,Central,Fully Paid,Good Loan,High,2023-01
LN-1002,2023-01-02 11:04:30.270270270,15000,11975.746370307048,West,Fully Paid,Good Loan,Medium,2023-01
LN-1003,2023-01-03 04:36:45.405405405,25000,19106.813732595558,South,Fully Paid,Good Loan,High,2023-01
LN-1004,2023-01-03 22:09:00.540540540,25000,19365.67024051306,West,Charged Off,Bad Loan,High,2023-01
LN-1005,2023-01-04 15:41:15.675675675,10000,8140.380674775388,North,Fully Paid,Good Loan,Low,2023-01
LN-1006,2023-01-05 09:13:30.810810810,15000,11540.241571768529,South,Current,Good Loan,Medium,2023-01
LN-1007,2023-01-06 02:45:45.945945945,15000,15880.592547758553,South,Fully Paid,Good Loan,Medium,2023-01
LN-1008,2023-01-06 20:18:01.081081081,15000,10981.402473969853,Central,Current,Good Loan,Medium,2023-01
LN-1009,2023-01-07 13:50:16.216216216,25000,22745.113895702547,East,Current,Good Loan,High,2023-01
LN-1010,2023-01-08 07:22:31.351351351,20000,17283.17461591729,South,Fully Paid,Good Loan,Medium,2023-01
LN-1011,2023-01-09 00:54:46.486486486,15000,16394.271701451642,East,Fully Paid,Good Loan,Medium,2023-01
LN-1012,2023-01-09 18:27:01.621621621,35000,26068.54463035273,West,Current,Good Loan,High,2023-01
LN-1013,2023-01-10 11:59:16.756756756,25000,21478.555990457415,North,Fully Paid,Good Loan,High,2023-01
LN-1014,2023-01-11 05:31:31.891891891,10000,10877.881733101478,Central,Current,Good Loan,Low,2023-01
LN-1015,2023-01-11 23:03:47.027027027,20000,20924.057007151845,East,Fully Paid,Good Loan,Medium,2023-01
LN-1016,2023-01-12 16:36:02.162162162,35000,35939.00899328992,South,Charged Off,Bad Loan,High,2023-01
LN-1017,2023-01-13 10:08:17.297297297,35000,28110.639578629158,East,Current,Good Loan,High,2023-01
LN-1018,2023-01-14 03:40:32.432432432,10000,7683.550349560263,South,Charged Off,Bad Loan,Low,2023-01
LN-1019,2023-01-14 21:12:47.567567567,20000,19349.14575939545,East,Fully Paid,Good Loan,Medium,2023-01
LN-1020,2023-01-15 14:45:02.702702702,25000,26793.75989127586,South,Fully Paid,Good Loan,High,2023-01
LN-1021,2023-01-16 08:17:17.837837837,5000,4613.52578602786,West,Fully Paid,Good Loan,Low,2023-01
LN-1022,2023-01-17 01:49:32.972972973,20000,18572.9015157592,South,Fully Paid,Good Loan,Medium,2023-01
LN-1023,2023-01-17 19:21:48.108108108,10000,8119.916374641136,South,Fully Paid,Good Loan,Low,2023-01
LN-1024,2023-01-18 12:54:03.243243243,35000,35272.90106468712,North,Fully Paid,Good Loan,High,2023-01
LN-1025,2023-01-19 06:26:18.378378378,25000,19370.437485575236,South,Current,Good Loan,High,2023-01
LN-1026,2023-01-19 23:58:33.513513513,20000,16589.433891233948,North,Fully Paid,Good Loan,Medium,2023-01
LN-1027,2023-01-20 17:30:48.648648648,5000,4350.872877232834,Central,Fully Paid,Good Loan,Low,2023-01
LN-1028,2023-01-21 11:03:03.783783783,5000,4515.22075736891,North,Current,Good Loan,Low,2023-01
LN-1029,2023-01-22 04:35:18.918918918,15000,11954.45839449048,West,Fully Paid,Good Loan,Medium,2023-01
LN-1030,2023-01-22 22:07:34.054054054,15000,11189.020948435222,North,Fully Paid,Good Loan,Medium,2023-01
LN-1031,2023-01-23 15:39:49.189189189,10000,9442.48016976653,Central,Charged Off,Bad Loan,Low,2023-01
LN-1032,2023-01-24 09:12:04.324324324,20000,16309.044425922046,West,Charged Off,Bad Loan,Medium,2023-01
LN-1033,2023-01-25 02:44:19.459459459,20000,18649.905771380898,East,Fully Paid,Good Loan,Medium,2023-01
LN-1034,2023-01-25 20:16:34.594594594,35000,26661.078013838833,East,Fully Paid,Good Loan,High,2023-01
LN-1035,2023-01-26 13:48:49.729729729,35000,31235.96142596745,North,Current,Good Loan,High,2023-01
LN-1036,2023-01-27 07:21:04.864864865,35000,31956.252055722205,North,Fully Paid,Good Loan,High,2023-01
LN-1037,2023-01-28 00:53:20.000000000,15000,10810.941220934561,Central,Fully Paid,Good Loan,Medium,2023-01
LN-1038,2023-01-28 18:25:35.135135135,20000,16692.834225551363,Central,Fully Paid,Good Loan,Medium,2023-01
LN-1039,2023-01-29 11:57:50.270270270,20000,15075.317415511792,South,Fully Paid,Good Loan,Medium,2023-01
LN-1040,2023-01-30 05:30:05.405405405,5000,3626.749940945535,Central,Fully Paid,Good Loan,Low,2023-01
LN-1041,2023-01-30 23:02:20.540540540,15000,16439.761394339672,South,Fully Paid,Good Loan,Medium,2023-01
LN-1042,2023-01-31 16:34:35.675675675,25000,20723.53844974723,West,Fully Paid,Good Loan,High,2023-01
LN-1043,2023-02-01 10:06:50.810810810,15000,15359.246675127812,North,Charged Off,Bad Loan,Medium,2023-02
LN-1044,2023-02-02 03:39:05.945945946,25000,20046.406547637638,West,Fully Paid,Good Loan,High,2023-02
LN-1045,2023-02-02 21:11:21.081081081,5000,4863.005444447859,Central,Current,Good Loan,Low,2023-02
LN-1046,2023-02-03 14:43:36.216216216,10000,10040.911439558746,West,Charged Off,Bad Loan,Low,2023-02
LN-1047,2023-02-04 08:15:51.351351351,20000,18765.109924862754,West,Fully Paid,Good Loan,Medium,2023-02
LN-1048,2023-02-05 01:48:06.486486486,5000,4443.152377100317,West,Fully Paid,Good Loan,Low,2023-02
LN-1049,2023-02-05 19:20:21.621621621,20000,17294.727313178148,Central,Fully Paid,Good Loan,Medium,2023-02
LN-1050,2023-02-06 12:52:36.756756756,35000,29384.155731601935,West,Fully Paid,Good Loan,High,2023-02
LN-1051,2023-02-07 06:24:51.891891892,10000,10718.116576991304,South,Current,Good Loan,Low,2023-02
LN-1052,2023-02-07 23:57:07.027027027,10000,10322.477631150918,Central,Fully Paid,Good Loan,Low,2023-02
LN-1053,2023-02-08 17:29:22.162162162,5000,5430.053821333026,West,Charged Off,Bad Loan,Low,2023-02
LN-1054,2023-02-09 11:01:37.297297297,10000,7497.188893942178,Central,Fully Paid,Good Loan,Low,2023-02
LN-1055,2023-02-10 04:33:52.432432432,25000,24808.674752036444,East,Fully Paid,Good Loan,High,2023-02
LN-1056,2023-02-10 22:06:07.567567567,10000,10753.361827284152,South,Fully Paid,Good Loan,Low,2023-02
LN-1057,2023-02-11 15:38:22.702702702,20000,15449.864529325281,West,Fully Paid,Good Loan,Medium,2023-02
LN-1058,2023-02-12 09:10:37.837837837,20000,14531.970138934219,East,Fully Paid,Good Loan,Medium,2023-02
LN-1059,2023-02-13 02:42:52.972972973,20000,19928.965194320474,East,Fully Paid,Good Loan,Medium,2023-02
LN-1060,2023-02-13 20:15:08.108108108,20000,18595.784905439297,Central,Fully Paid,Good Loan,Medium,2023-02
LN-1061,2023-02-14 13:47:23.243243243,25000,25918.287767582722,East,Fully Paid,Good Loan,High,2023-02
LN-1062,2023-02-15 07:19:38.378378378,15000,11338.634259757737,South,Charged Off,Bad Loan,Medium,2023-02
LN-1063,2023-02-16 00:51:53.513513513,35000,35633.74236603846,South,Fully Paid,Good Loan,High,2023-02
LN-1064,2023-02-16 18:24:08.648648648,5000,3903.2546400954893,North,Current,Good Loan,Low,2023-02
LN-1065,2023-02-17 11:56:23.783783783,20000,15309.247542925636,South,Current,Good Loan,Medium,2023-02
LN-1066,2023-02-18 05:28:38.918918919,10000,7657.063191723972,East,Charged Off,Bad Loan,Low,2023-02
LN-1067,2023-02-18 23:00:54.054054054,20000,20516.59776185106,South,Fully Paid,Good Loan,Medium,2023-02
LN-1068,2023-02-19 16:33:09.189189189,10000,9660.7888827848,Central,Charged Off,Bad Loan,Low,2023-02
LN-1069,2023-02-20 10:05:24.324324324,35000,31822.915946767673,North,Fully Paid,Good Loan,High,2023-02
LN-1070,2023-02-21 03:37:39.459459459,35000,29523.626777729034,East,Fully Paid,Good Loan,High,2023-02
LN-1071,2023-02-21 21:09:54.594594594,35000,36780.80757138351,North,Fully Paid,Good Loan,High,2023-02
LN-1072,2023-02-22 14:42:09.729729730,10000,8569.780429690541,East,Current,Good Loan,Low,2023-02
LN-1073,2023-02-23 08:14:24.864864865,20000,20532.79551577262,Central,Fully Paid,Good Loan,Medium,2023-02
LN-1074,2023-02-24 01:46:40.000000000,35000,30647.888719983057,North,Current,Good Loan,High,2023-02
LN-1075,2023-02-24 19:18:55.135135135,25000,21269.444294249075,West,Fully Paid,Good Loan,High,2023-02
LN-1076,2023-02-25 12:51:10.270270270,10000,8850.719142678427,East,Current,Good Loan,Low,2023-02
LN-1077,2023-02-26 06:23:25.405405405,10000,8205.511496656567,West,Charged Off,Bad Loan,Low,2023-02
LN-1078,2023-02-26 23:55:40.540540540,20000,19980.87504141001,North,Fully Paid,Good Loan,Medium,2023-02
LN-1079,2023-02-27 17:27:55.675675675,10000,9010.881560369917,West,Charged Off,Bad Loan,Low,2023-02
LN-1080,2023-02-28 11:00:10.810810811,10000,7928.850780587269,West,Fully Paid,Good Loan,Low,2023-02
LN-1081,2023-03-01 04:32:25.945945946,35000,37094.044025843956,North,Fully Paid,Good Loan,High,2023-03
LN-1082,2023-03-01 22:04:41.081081081,20000,17071.12977098569,Central,Fully Paid,Good Loan,Medium,2023-03
LN-1083,2023-03-02 15:36:56.216216216,35000,32109.740055595845,West,Fully Paid,Good Loan,High,2023-03
LN-1084,2023-03-03 09:09:11.351351351,35000,37190.60955350366,West,Fully Paid,Good Loan,High,2023-03
LN-1085,2023-03-04 02:41:26.486486486,20000,18993.903967311937,Central,Fully Paid,Good Loan,Medium,2023-03
LN-1086,2023-03-04 20:13:41.621621621,5000,3733.796081416728,West,Fully Paid,Good Loan,Low,2023-03
LN-1087,2023-03-05 13:45:56.756756757,35000,37657.64973058865,West,Charged Off,Bad Loan,High,2023-03
LN-1088,2023-03-06 07:18:11.891891892,25000,23777.080530714178,West,Current,Good Loan,High,2023-03
LN-1089,2023-03-07 00:50:27.027027027,25000,20849.05614657086,South,Current,Good Loan,High,2023-03
LN-1090,2023-03-07 18:22:42.162162162,10000,7557.088290653549,Central,Charged Off,Bad Loan,Low,2023-03
LN-1091,2023-03-08 11:54:57.297297297,25000,25440.25189270296,West,Current,Good Loan,High,2023-03
LN-1092,2023-03-09 05:27:12.432432432,10000,9480.291023714055,Central,Fully Paid,Good Loan,Low,2023-03
LN-1093,2023-03-09 22:59:27.567567567,5000,4566.922183952643,East,Fully Paid,Good Loan,Low,2023-03
LN-1094,2023-03-10 16:31:42.702702702,20000,21151.140664407663,East,Current,Good Loan,Medium,2023-03
LN-1095,2023-03-11 10:03:57.837837838,20000,20308.777689796247,West,Fully Paid,Good Loan,Medium,2023-03
LN-1096,2023-03-12 03:36:12.972972973,20000,15213.39903786201,Central,Current,Good Loan,Medium,2023-03
LN-1097,2023-03-12 21:08:28.108108108,25000,20617.220677955484,Central,Fully Paid,Good Loan,High,2023-03
LN-1098,2023-03-13 14:40:43.243243243,5000,3996.9782796289314,Central,Fully Paid,Good Loan,Low,2023-03
LN-1099,2023-03-14 08:12:58.378378378,25000,24939.46292572677,South,Fully Paid,Good Loan,High,2023-03
LN-1100,2023-03-15 01:45:13.513513513,25000,17835.324347357793,East,Fully Paid,Good Loan,High,2023-03
LN-1101,2023-03-15 19:17:28.648648648,5000,4639.779369742633,Central,Fully Paid,Good Loan,Low,2023-03
LN-1102,2023-03-16 12:49:43.783783784,5000,5024.917371481381,Central,Current,Good Loan,Low,2023-03
LN-1103,2023-03-17 06:21:58.918918919,5000,5253.531273523499,South,Fully Paid,Good Loan,Low,2023-03
LN-1104,2023-03-17 23:54:14.054054054,5000,4184.163497431815,South,Fully Paid,Good Loan,Low,2023-03
LN-1105,2023-03-18 17:26:29.189189189,20000,20570.058437376105,Central,Charged Off,Bad Loan,Medium,2023-03
LN-1106,2023-03-19 10:58:44.324324324,15000,11163.790421731243,North,Current,Good Loan,Medium,2023-03
LN-1107,2023-03-20 04:30:59.459459459,15000,15578.71375040711,Central,Fully Paid,Good Loan,Medium,2023-03
LN-1108,2023-03-20 22:03:14.594594594,5000,3754.9773246639643,Central,Current,Good Loan,Low,2023-03
LN-1109,2023-03-21 15:35:29.729729729,15000,12883.723743362205,South,Fully Paid,Good Loan,Medium,2023-03
LN-1110,2023-03-22 09:07:44.864864865,15000,15283.772194677324,South,Fully Paid,Good Loan,Medium,2023-03
LN-1111,2023-03-23 02:40:00.000000000,5000,3799.8348546975476,Central,Fully Paid,Good Loan,Low,2023-03
LN-1112,2023-03-23 20:12:15.135135135,15000,11875.508371395848,Central,Current,Good Loan,Medium,2023-03
LN-1113,2023-03-24 13:44:30.270270270,25000,24722.525683930664,Central,Current,Good Loan,High,2023-03
LN-1114,2023-03-25 07:16:45.405405405,10000,9880.1461461843,South,Fully Paid,Good Loan,Low,2023-03
LN-1115,2023-03-26 00:49:00.540540540,10000,9564.59053154119,Central,Charged Off,Bad Loan,Low,2023-03
LN-1116,2023-03-26 18:21:15.675675675,5000,4887.8968889342,Central,Fully Paid,Good Loan,Low,2023-03
LN-1117,2023-03-27 11:53:30.810810811,20000,18341.79554678077,West,Fully Paid,Good Loan,Medium,2023-03
LN-1118,2023-03-28 05:25:45.945945946,5000,4003.598117813906,North,Fully Paid,Good Loan,Low,2023-03
LN-1119,2023-03-28 22:58:01.081081081,20000,16765.567948031356,East,Fully Paid,Good Loan,Medium,2023-03
LN-1120,2023-03-29 16:30:16.216216216,10000,7726.390867205702,North,Fully Paid,Good Loan,Low,2023-03
LN-1121,2023-03-30 10:02:31.351351351,5000,5316.9011226672565,West,Fully Paid,Good Loan,Low,2023-03
LN-1122,2023-03-31 03:34:46.486486486,35000,32667.48512672569,East,Current,Good Loan,High,2023-03
LN-1123,2023-03-31 21:07:01.621621621,25000,21508.5141676364,Central,Fully Paid,Good Loan,High,2023-03
LN-1124,2023-04-01 14:39:16.756756756,15000,13272.034821864796,West,Fully Paid,Good Loan,Medium,2023-04
LN-1125,2023-04-02 08:11:31.891891892,20000,21578.266716894526,Central,Fully Paid,Good Loan,Medium,2023-04
LN-1126,2023-04-03 01:43:47.027027027,35000,26646.919643625122,South,Fully Paid,Good Loan,High,2023-04
LN-1127,2023-04-03 19:16:02.162162162,15000,14017.378992100785,West,Fully Paid,Good Loan,Medium,2023-04
LN-1128,2023-04-04 12:48:17.297297297,15000,13535.332073306798,South,Current,Good Loan,Medium,2023-04
LN-1129,2023-04-05 06:20:32.432432432,5000,4722.908470869296,West,Fully Paid,Good Loan,Low,2023-04
LN-1130,2023-04-05 23:52:47.567567567,15000,10608.661102925043,West,Current,Good Loan,Medium,2023-04
LN-1131,2023-04-06 17:25:02.702702702,25000,26221.23908944152,South,Charged Off,Bad Loan,High,2023-04
LN-1132,2023-04-07 10:57:17.837837838,35000,37549.65595477058,East,Fully Paid,Good Loan,High,2023-04
LN-1133,2023-04-08 04:29:32.972972973,15000,13890.799101535255,North,Current,Good Loan,Medium,2023-04
LN-1134,2023-04-08 22:01:48.108108108,5000,4893.301647753785,Central,Fully Paid,Good Loan,Low,2023-04
LN-1135,2023-04-09 15:34:03.243243243,25000,26724.993811772958,West,Fully Paid,Good Loan,High,2023-04
LN-1136,2023-04-10 09:06:18.378378378,10000,9828.954537253594,Central,Fully Paid,Good Loan,Low,2023-04
LN-1137,2023-04-11 02:38:33.513513513,35000,26635.54660079966,South,Fully Paid,Good Loan,High,2023-04
LN-1138,2023-04-11 20:10:48.648648648,15000,13957.73016100088,Central,Fully Paid,Good Loan,Medium,2023-04
LN-1139,2023-04-12 13:43:03.783783783,5000,4713.430092765712,South,Fully Paid,Good Loan,Low,2023-04
LN-1140,2023-04-13 07:15:18.918918919,10000,8696.522685209544,Central,Fully Paid,Good Loan,Low,2023-04
LN-1141,2023-04-14 00:47:34.054054054,10000,9945.776942498891,North,Fully Paid,Good Loan,Low,2023-04
LN-1142,2023-04-14 18:19:49.189189189,20000,21474.93611815212,North,Fully Paid,Good Loan,Medium,2023-04
LN-1143,2023-04-15 11:52:04.324324324,25000,26755.685129067762,North,Charged Off,Bad Loan,High,2023-04
LN-1144,2023-04-16 05:24:19.459459460,15000,13205.036228424793,North,Current,Good Loan,Medium,2023-04
LN-1145,2023-04-16 22:56:34.594594594,5000,3726.4760916815103,North,Fully Paid,Good Loan,Low,2023-04
LN-1146,2023-04-17 16:28:49.729729730,20000,21878.729591698677,North,Fully Paid,Good Loan,Medium,2023-04
LN-1147,2023-04-18 10:01:04.864864864,25000,25888.980864459343,South,Charged Off,Bad Loan,High,2023-04
LN-1148,2023-04-19 03:33:20.000000000,20000,14997.301449626135,West,Current,Good Loan,Medium,2023-04
LN-1149,2023-04-19 21:05:35.135135134,35000,37391.78635664321,Central,Current,Good Loan,High,2023-04
LN-1150,2023-04-20 14:37:50.270270270,25000,26198.963620621285,North,Fully Paid,Good Loan,High,2023-04
LN-1151,2023-04-21 08:10:05.405405406,25000,22688.38057126072,South,Fully Paid,Good Loan,High,2023-04
LN-1152,2023-04-22 01:42:20.540540540,15000,14047.652614469576,South,Fully Paid,Good Loan,Medium,2023-04
LN-1153,2023-04-22 19:14:35.675675676,25000,21490.027038701304,South,Fully Paid,Good Loan,High,2023-04
LN-1154,2023-04-23 12:46:50.810810810,20000,14438.093110576248,West,Current,Good Loan,Medium,2023-04
LN-1155,2023-04-24 06:19:05.945945946,25000,20851.972416459008,Central,Current,Good Loan,High,2023-04
LN-1156,2023-04-24 23:51:21.081081080,15000,15317.120691588068,West,Fully Paid,Good Loan,Medium,2023-04
LN-1157,2023-04-25 17:23:36.216216216,15000,10527.792138027617,East,Charged Off,Bad Loan,Medium,2023-04
LN-1158,2023-04-26 10:55:51.351351350,35000,29168.98840367602,South,Fully Paid,Good Loan,High,2023-04
LN-1159,2023-04-27 04:28:06.486486486,20000,17185.349548727547,East,Fully Paid,Good Loan,Medium,2023-04
LN-1160,2023-04-27 22:00:21.621621622,10000,9149.582411751691,North,Fully Paid,Good Loan,Low,2023-04
LN-1161,2023-04-28 15:32:36.756756756,10000,10679.422465651043,North,Charged Off,Bad Loan,Low,2023-04
LN-1162,2023-04-29 09:04:51.891891892,25000,20963.45994365961,West,Fully Paid,Good Loan,High,2023-04
LN-1163,2023-04-30 02:37:07.027027026,35000,29357.34482654719,Central,Charged Off,Bad Loan,High,2023-04
LN-1164,2023-04-30 20:09:22.162162162,5000,4975.0024962194975,East,Current,Good Loan,Low,2023-04
LN-1165,2023-05-01 13:41:37.297297296,25000,22022.17940889807,Central,Fully Paid,Good Loan,High,2023-05
LN-1166,2023-05-02 07:13:52.432432432,35000,27644.46752115975,West,Fully Paid,Good Loan,High,2023-05
LN-1167,2023-05-03 00:46:07.567567568,20000,17619.516129061547,North,Charged Off,Bad Loan,Medium,2023-05
LN-1168,2023-05-03 18:18:22.702702702,20000,15126.856163038397,Central,Fully Paid,Good Loan,Medium,2023-05
LN-1169,2023-05-04 11:50:37.837837838,20000,15411.095892049787,Central,Charged Off,Bad Loan,Medium,2023-05
LN-1170,2023-05-05 05:22:52.972972972,20000,17986.942181915838,North,Charged Off,Bad Loan,Medium,2023-05
LN-1171,2023-05-05 22:55:08.108108108,20000,17351.403596036384,East,Fully Paid,Good Loan,Medium,2023-05
LN-1172,2023-05-06 16:27:23.243243242,35000,37307.842614953406,North,Fully Paid,Good Loan,High,2023-05
LN-1173,2023-05-07 09:59:38.378378378,35000,29573.51458763286,Central,Charged Off,Bad Loan,High,2023-05
LN-1174,2023-05-08 03:31:53.513513514,15000,13983.530101668262,East,Current,Good Loan,Medium,2023-05
LN-1175,2023-05-08 21:04:08.648648648,10000,9529.057151678122,East,Fully Paid,Good Loan,Low,2023-05
LN-1176,2023-05-09 14:36:23.783783784,20000,14104.755652706668,North,Fully Paid,Good Loan,Medium,2023-05
LN-1177,2023-05-10 08:08:38.918918918,5000,4827.074744033422,Central,Fully Paid,Good Loan,Low,2023-05
LN-1178,2023-05-11 01:40:54.054054054,35000,26992.50353617652,West,Charged Off,Bad Loan,High,2023-05
LN-1179,2023-05-11 19:13:09.189189188,5000,5422.14063493891,Central,Current,Good Loan,Low,2023-05
LN-1180,2023-05-12 12:45:24.324324324,5000,3797.325455506226,South,Current,Good Loan,Low,2023-05
LN-1181,2023-05-13 06:17:39.459459460,5000,4329.2482474540475,West,Fully Paid,Good Loan,Low,2023-05
LN-1182,2023-05-13 23:49:54.594594594,15000,11012.098008471863,East,Fully Paid,Good Loan,Medium,2023-05
LN-1183,2023-05-14 17:22:09.729729730,35000,38456.239525843266,West,Charged Off,Bad Loan,High,2023-05
LN-1184,2023-05-15 10:54:24.864864864,5000,4504.390020662486,East,Fully Paid,Good Loan,Low,2023-05
LN-1185,2023-05-16 04:26:40.000000000,20000,18763.08013856035,East,Fully Paid,Good Loan,Medium,2023-05
LN-1186,2023-05-16 21:58:55.135135134,25000,18170.764773884275,West,Fully Paid,Good Loan,High,2023-05
LN-1187,2023-05-17 15:31:10.270270270,5000,4999.920940798356,East,Current,Good Loan,Low,2023-05
LN-1188,2023-05-18 09:03:25.405405404,15000,11759.433558573515,East,Charged Off,Bad Loan,Medium,2023-05
LN-1189,2023-05-19 02:35:40.540540540,35000,37072.76005216999,South,Fully Paid,Good Loan,High,2023-05
LN-1190,2023-05-19 20:07:55.675675676,15000,11730.837842892042,Central,Fully Paid,Good Loan,Medium,2023-05
LN-1191,2023-05-20 13:40:10.810810810,5000,3881.375441327333,Central,Fully Paid,Good Loan,Low,2023-05
LN-1192,2023-05-21 07:12:25.945945946,35000,25011.695349873324,South,Charged Off,Bad Loan,High,2023-05
LN-1193,2023-05-22 00:44:41.081081080,25000,22220.66945109999,West,Fully Paid,Good Loan,High,2023-05
LN-1194,2023-05-22 18:16:56.216216216,5000,4629.682266525233,North,Fully Paid,Good Loan,Low,2023-05
LN-1195,2023-05-23 11:49:11.351351350,15000,10894.251836570114,North,Fully Paid,Good Loan,Medium,2023-05
LN-1196,2023-05-24 05:21:26.486486486,10000,10102.110466780043,North,Charged Off,Bad Loan,Low,2023-05
LN-1197,2023-05-24 22:53:41.621621622,20000,17626.31067798422,South,Fully Paid,Good Loan,Medium,2023-05
LN-1198,2023-05-25 16:25:56.756756756,15000,13646.34161596548,South,Fully Paid,Good Loan,Medium,2023-05
LN-1199,2023-05-26 09:58:11.891891892,35000,30670.678457135196,East,Fully Paid,Good Loan,High,2023-05
LN-1200,2023-05-27 03:30:27.027027026,5000,4301.526121750651,North,Current,Good Loan,Low,2023-05
LN-1201,2023-05-27 21:02:42.162162162,20000,18477.122650465746,West,Fully Paid,Good Loan,Medium,2023-05
LN-1202,2023-05-28 14:34:57.297297296,5000,3810.480491861425,West,Charged Off,Bad Loan,Low,2023-05
LN-1203,2023-05-29 08:07:12.432432432,35000,27046.993826933794,North,Fully Paid,Good Loan,High,2023-05
LN-1204,2023-05-30 01:39:27.567567568,5000,5223.571242027036,North,Fully Paid,Good Loan,Low,2023-05
LN-1205,2023-05-30 19:11:42.702702702,10000,10784.461848534533,North,Fully Paid,Good Loan,Low,2023-05
LN-1206,2023-05-31 12:43:57.837837838,20000,16986.47453023802,South,Current,Good Loan,Medium,2023-05
LN-1207,2023-06-01 06:16:12.972972972,20000,16165.957385148431,South,Fully Paid,Good Loan,Medium,2023-06
LN-1208,2023-06-01 23:48:28.108108108,35000,33515.99360534622,South,Charged Off,Bad Loan,High,2023-06
LN-1209,2023-06-02 17:20:43.243243242,10000,8634.936684392385,Central,Current,Good Loan,Low,2023-06
LN-1210,2023-06-03 10:52:58.378378378,15000,10652.318133962068,West,Fully Paid,Good Loan,Medium,2023-06
LN-1211,2023-06-04 04:25:13.513513514,5000,3812.3051947323806,West,Current,Good Loan,Low,2023-06
LN-1212,2023-06-04 21:57:28.648648648,25000,24659.72228847398,East,Current,Good Loan,High,2023-06
LN-1213,2023-06-05 15:29:43.783783784,5000,4817.847883820303,South,Fully Paid,Good Loan,Low,2023-06
LN-1214,2023-06-06 09:01:58.918918918,5000,3554.191985006967,Central,Fully Paid,Good Loan,Low,2023-06
LN-1215,2023-06-07 02:34:14.054054054,15000,11831.832971597696,Central,Charged Off,Bad Loan,Medium,2023-06
LN-1216,2023-06-07 20:06:29.189189188,5000,3962.149593176143,West,Fully Paid,Good Loan,Low,2023-06
LN-1217,2023-06-08 13:38:44.324324324,10000,9687.570974394914,South,Current,Good Loan,Low,2023-06
LN-1218,2023-06-09 07:10:59.459459458,10000,7078.842151017456,East,Charged Off,Bad Loan,Low,2023-06
LN-1219,2023-06-10 00:43:14.594594594,20000,14832.86865587659,South,Fully Paid,Good Loan,Medium,2023-06
LN-1220,2023-06-10 18:15:29.729729730,35000,35698.82519522465,North,Current,Good Loan,High,2023-06
LN-1221,2023-06-11 11:47:44.864864864,25000,19285.44662054334,South,Fully Paid,Good Loan,High,2023-06
LN-1222,2023-06-12 05:20:00.000000000,5000,4805.492215703749,North,Fully Paid,Good Loan,Low,2023-06
LN-1223,2023-06-12 22:52:15.135135134,5000,3976.365562093453,North,Fully Paid,Good Loan,Low,2023-06
LN-1224,2023-06-13 16:24:30.270270270,15000,11096.64835655607,East,Fully Paid,Good Loan,Medium,2023-06
LN-1225,2023-06-14 09:56:45.405405404,35000,27904.410673992355,West,Current,Good Loan,High,2023-06
LN-1226,2023-06-15 03:29:00.540540540,10000,9889.067727422638,South,Current,Good Loan,Low,2023-06
LN-1227,2023-06-15 21:01:15.675675676,25000,26056.964681062862,North,Current,Good Loan,High,2023-06
LN-1228,2023-06-16 14:33:30.810810810,20000,20641.75891653593,South,Fully Paid,Good Loan,Medium,2023-06
LN-1229,2023-06-17 08:05:45.945945946,10000,8588.73411847382,West,Fully Paid,Good Loan,Low,2023-06
LN-1230,2023-06-18 01:38:01.081081080,35000,33853.191911989044,West,Current,Good Loan,High,2023-06
LN-1231,2023-06-18 19:10:16.216216216,20000,15639.874363326568,Central,Fully Paid,Good Loan,Medium,2023-06
LN-1232,2023-06-19 12:42:31.351351350,15000,12258.886381566079,West,Charged Off,Bad Loan,Medium,2023-06
LN-1233,2023-06-20 06:14:46.486486486,15000,15878.01491112672,East,Current,Good Loan,Medium,2023-06
LN-1234,2023-06-20 23:47:01.621621622,5000,3526.0038470214718,North,Current,Good Loan,Low,2023-06
LN-1235,2023-06-21 17:19:16.756756756,35000,25697.119431962554,Central,Charged Off,Bad Loan,High,2023-06
LN-1236,2023-06-22 10:51:31.891891892,25000,19578.862551460275,East,Fully Paid,Good Loan,High,2023-06
LN-1237,2023-06-23 04:23:47.027027026,20000,14212.257630990556,South,Current,Good Loan,Medium,2023-06
LN-1238,2023-06-23 21:56:02.162162162,10000,7725.741740359189,North,Fully Paid,Good Loan,Low,2023-06
LN-1239,2023-06-24 15:28:17.297297296,35000,32662.58185357569,West,Charged Off,Bad Loan,High,2023-06
LN-1240,2023-06-25 09:00:32.432432432,35000,30399.94370829497,North,Fully Paid,Good Loan,High,2023-06
LN-1241,2023-06-26 02:32:47.567567568,15000,15856.030266461848,South,Current,Good Loan,Medium,2023-06
LN-1242,2023-06-26 20:05:02.702702702,5000,5134.887123476882,Central,Charged Off,Bad Loan,Low,2023-06
LN-1243,2023-06-27 13:37:17.837837838,5000,4183.634703395752,Central,Fully Paid,Good Loan,Low,2023-06
LN-1244,2023-06-28 07:09:32.972972972,20000,16075.387467450339,Central,Fully Paid,Good Loan,Medium,2023-06
LN-1245,2023-06-29 00:41:48.108108108,15000,12778.154449003601,West,Current,Good Loan,Medium,2023-06
LN-1246,2023-06-29 18:14:03.243243242,35000,32764.12919520731,East,Fully Paid,Good Loan,High,2023-06
LN-1247,2023-06-30 11:46:18.378378378,25000,20180.636408228766,East,Fully Paid,Good Loan,High,2023-06
LN-1248,2023-07-01 05:18:33.513513512,15000,14244.893447094804,North,Fully Paid,Good Loan,Medium,2023-07
LN-1249,2023-07-01 22:50:48.648648648,20000,17275.293217529925,West,Fully Paid,Good Loan,Medium,2023-07
LN-1250,2023-07-02 16:23:03.783783784,20000,18416.377446815844,Central,Charged Off,Bad Loan,Medium,2023-07
LN-1251,2023-07-03 09:55:18.918918918,15000,13116.7591748119,Central,Fully Paid,Good Loan,Medium,2023-07
LN-1252,2023-07-04 03:27:34.054054054,20000,16355.726076335342,South,Fully Paid,Good Loan,Medium,2023-07
LN-1253,2023-07-04 20:59:49.189189188,15000,16190.719841772941,South,Fully Paid,Good Loan,Medium,2023-07
LN-1254,2023-07-05 14:32:04.324324324,10000,10054.423176639044,Central,Fully Paid,Good Loan,Low,2023-07
LN-1255,2023-07-06 08:04:19.459459458,15000,11340.679054598715,Central,Fully Paid,Good Loan,Medium,2023-07
LN-1256,2023-07-07 01:36:34.594594594,15000,15710.807855387477,West,Fully Paid,Good Loan,Medium,2023-07
LN-1257,2023-07-07 19:08:49.729729730,20000,17899.44958599611,East,Fully Paid,Good Loan,Medium,2023-07
LN-1258,2023-07-08 12:41:04.864864864,20000,21156.41781515273,South,Fully Paid,Good Loan,Medium,2023-07
LN-1259,2023-07-09 06:13:20.000000000,5000,5099.710511894631,East,Current,Good Loan,Low,2023-07
LN-1260,2023-07-09 23:45:35.135135134,5000,4350.427008938466,West,Fully Paid,Good Loan,Low,2023-07
LN-1261,2023-07-10 17:17:50.270270270,10000,7089.877233280469,Central,Fully Paid,Good Loan,Low,2023-07
LN-1262,2023-07-11 10:50:05.405405404,5000,4037.3547187698923,East,Fully Paid,Good Loan,Low,2023-07
LN-1263,2023-07-12 04:22:20.540540540,15000,13749.805287965202,Central,Fully Paid,Good Loan,Medium,2023-07
LN-1264,2023-07-12 21:54:35.675675676,20000,19067.82575860918,Central,Current,Good Loan,Medium,2023-07
LN-1265,2023-07-13 15:26:50.810810810,5000,4015.7753708664045,North,Fully Paid,Good Loan,Low,2023-07
LN-1266,2023-07-14 08:59:05.945945946,5000,3778.7121481456484,East,Charged Off,Bad Loan,Low,2023-07
LN-1267,2023-07-15 02:31:21.081081080,10000,10339.720947197198,East,Current,Good Loan,Low,2023-07
LN-1268,2023-07-15 20:03:36.216216216,35000,38281.63052984973,Central,Fully Paid,Good Loan,High,2023-07
LN-1269,2023-07-16 13:35:51.351351350,10000,9102.760729210744,West,Current,Good Loan,Low,2023-07
LN-1270,2023-07-17 07:08:06.486486486,15000,11530.07571508982,North,Fully Paid,Good Loan,Medium,2023-07
LN-1271,2023-07-18 00:40:21.621621620,20000,16178.458612154951,Central,Fully Paid,Good Loan,Medium,2023-07
LN-1272,2023-07-18 18:12:36.756756756,10000,7073.562706189867,South,Fully Paid,Good Loan,Low,2023-07
LN-1273,2023-07-19 11:44:51.891891892,5000,5328.597613120998,South,Fully Paid,Good Loan,Low,2023-07
LN-1274,2023-07-20 05:17:07.027027026,20000,14942.008663121129,North,Charged Off,Bad Loan,Medium,2023-07
LN-1275,2023-07-20 22:49:22.162162162,20000,18612.13180411403,West,Current,Good Loan,Medium,2023-07
LN-1276,2023-07-21 16:21:37.297297296,5000,4048.110441374412,Central,Charged Off,Bad Loan,Low,2023-07
LN-1277,2023-07-22 09:53:52.432432432,10000,9216.712010063175,East,Fully Paid,Good Loan,Low,2023-07
LN-1278,2023-07-23 03:26:07.567567566,5000,4802.840776703729,North,Fully Paid,Good Loan,Low,2023-07
LN-1279,2023-07-23 20:58:22.702702702,35000,36116.38525190082,West,Fully Paid,Good Loan,High,2023-07
LN-1280,2023-07-24 14:30:37.837837838,20000,15651.370174084826,East,Current,Good Loan,Medium,2023-07
LN-1281,2023-07-25 08:02:52.972972972,25000,17609.958286584802,South,Fully Paid,Good Loan,High,2023-07
LN-1282,2023-07-26 01:35:08.108108108,25000,18868.856300688072,South,Charged Off,Bad Loan,High,2023-07
LN-1283,2023-07-26 19:07:23.243243242,15000,15900.111851088632,East,Fully Paid,Good Loan,Medium,2023-07
LN-1284,2023-07-27 12:39:38.378378378,5000,5247.78015512503,North,Fully Paid,Good Loan,Low,2023-07
LN-1285,2023-07-28 06:11:53.513513512,5000,4694.826204340617,South,Current,Good Loan,Low,2023-07
LN-1286,2023-07-28 23:44:08.648648648,15000,14103.10116260192,Central,Fully Paid,Good Loan,Medium,2023-07
LN-1287,2023-07-29 17:16:23.783783784,15000,14490.220047277533,East,Fully Paid,Good Loan,Medium,2023-07
LN-1288,2023-07-30 10:48:38.918918920,15000,11552.227671740697,East,Current,Good Loan,Medium,2023-07
LN-1289,2023-07-31 04:20:54.054054052,20000,21315.29556739968,South,Fully Paid,Good Loan,Medium,2023-07
LN-1290,2023-07-31 21:53:09.189189188,35000,30362.787348489022,North,Current,Good Loan,High,2023-07
LN-1291,2023-08-01 15:25:24.324324324,5000,4266.277056498995,Central,Fully Paid,Good Loan,Low,2023-08
LN-1292,2023-08-02 08:57:39.459459460,20000,18151.341642262698,North,Charged Off,Bad Loan,Medium,2023-08
LN-1293,2023-08-03 02:29:54.594594592,15000,10781.795800650329,West,Current,Good Loan,Medium,2023-08
LN-1294,2023-08-03 20:02:09.729729728,5000,3832.5667375121584,West,Fully Paid,Good Loan,Low,2023-08
LN-1295,2023-08-04 13:34:24.864864864,20000,19904.268931410963,South,Fully Paid,Good Loan,Medium,2023-08
LN-1296,2023-08-05 07:06:40.000000000,35000,25659.181350951767,South,Charged Off,Bad Loan,High,2023-08
LN-1297,2023-08-06 00:38:55.135135136,20000,18825.216875731105,South,Fully Paid,Good Loan,Medium,2023-08
LN-1298,2023-08-06 18:11:10.270270268,35000,27934.88753553849,West,Charged Off,Bad Loan,High,2023-08
LN-1299,2023-08-07 11:43:25.405405404,15000,12835.77368425186,North,Fully Paid,Good Loan,Medium,2023-08
LN-1300,2023-08-08 05:15:40.540540540,35000,28541.7123147898,North,Fully Paid,Good Loan,High,2023-08
LN-1301,2023-08-08 22:47:55.675675676,5000,4211.345432929898,South,Current,Good Loan,Low,2023-08
LN-1302,2023-08-09 16:20:10.810810812,15000,14814.275431105474,Central,Charged Off,Bad Loan,Medium,2023-08
LN-1303,2023-08-10 09:52:25.945945944,5000,4094.24343124635,North,Fully Paid,Good Loan,Low,2023-08
LN-1304,2023-08-11 03:24:41.081081080,25000,23164.046402968976,West,Current,Good Loan,High,2023-08
LN-1305,2023-08-11 20:56:56.216216216,10000,8904.201608796398,East,Fully Paid,Good Loan,Low,2023-08
LN-1306,2023-08-12 14:29:11.351351352,35000,33791.39631507708,East,Fully Paid,Good Loan,High,2023-08
LN-1307,2023-08-13 08:01:26.486486484,10000,10747.318957299032,East,Current,Good Loan,Low,2023-08
LN-1308,2023-08-14 01:33:41.621621620,10000,9930.288388841002,Central,Current,Good Loan,Low,2023-08
LN-1309,2023-08-14 19:05:56.756756756,35000,27509.165300270597,South,Charged Off,Bad Loan,High,2023-08
LN-1310,2023-08-15 12:38:11.891891892,15000,10687.098810367706,West,Fully Paid,Good Loan,Medium,2023-08
LN-1311,2023-08-16 06:10:27.027027028,25000,20122.64044299825,Central,Fully Paid,Good Loan,High,2023-08
LN-1312,2023-08-16 23:42:42.162162160,5000,4690.15586140051,West,Fully Paid,Good Loan,Low,2023-08
LN-1313,2023-08-17 17:14:57.297297296,20000,14411.406507874002,West,Fully Paid,Good Loan,Medium,2023-08
LN-1314,2023-08-18 10:47:12.432432432,5000,4492.732494402473,South,Fully Paid,Good Loan,Low,2023-08
LN-1315,2023-08-19 04:19:27.567567568,20000,18774.742791335117,East,Current,Good Loan,Medium,2023-08
LN-1316,2023-08-19 21:51:42.702702700,5000,4168.487781633921,South,Fully Paid,Good Loan,Low,2023-08
LN-1317,2023-08-20 15:23:57.837837836,35000,35292.77085244151,Central,Charged Off,Bad Loan,High,2023-08
LN-1318,2023-08-21 08:56:12.972972972,25000,18565.982531337715,Central,Charged Off,Bad Loan,High,2023-08
LN-1319,2023-08-22 02:28:28.108108108,20000,14601.102253886469,Central,Fully Paid,Good Loan,Medium,2023-08
LN-1320,2023-08-22 20:00:43.243243244,15000,14869.132537221622,South,Charged Off,Bad Loan,Medium,2023-08
LN-1321,2023-08-23 13:32:58.378378376,5000,4490.982632412397,West,Current,Good Loan,Low,2023-08
LN-1322,2023-08-24 07:05:13.513513512,5000,4876.804792855472,West,Fully Paid,Good Loan,Low,2023-08
LN-1323,2023-08-25 00:37:28.648648648,20000,17478.61870882997,North,Fully Paid,Good Loan,Medium,2023-08
LN-1324,2023-08-25 18:09:43.783783784,15000,11978.412199434642,Central,Fully Paid,Good Loan,Medium,2023-08
LN-1325,2023-08-26 11:41:58.918918920,15000,15414.6139060452,West,Fully Paid,Good Loan,Medium,2023-08
LN-1326,2023-08-27 05:14:14.054054052,35000,35691.82230556571,North,Charged Off,Bad Loan,High,2023-08
LN-1327,2023-08-27 22:46:29.189189188,35000,34225.75059196198,West,Fully Paid,Good Loan,High,2023-08
LN-1328,2023-08-28 16:18:44.324324324,35000,28310.031921219477,Central,Charged Off,Bad Loan,High,2023-08
LN-1329,2023-08-29 09:50:59.459459460,35000,32763.22933616722,East,Current,Good Loan,High,2023-08
LN-1330,2023-08-30 03:23:14.594594592,35000,29553.634557160374,Central,Fully Paid,Good Loan,High,2023-08
LN-1331,2023-08-30 20:55:29.729729728,35000,25782.14902657288,South,Charged Off,Bad Loan,High,2023-08
LN-1332,2023-08-31 14:27:44.864864864,25000,26673.135754622428,West,Fully Paid,Good Loan,High,2023-08
LN-1333,2023-09-01 08:00:00.000000000,15000,11320.911785513768,West,Fully Paid,Good Loan,Medium,2023-09
LN-1334,2023-09-02 01:32:15.135135136,35000,37803.32295349123,South,Current,Good Loan,High,2023-09
LN-1335,2023-09-02 19:04:30.270270268,15000,13176.034637747734,South,Fully Paid,Good Loan,Medium,2023-09
LN-1336,2023-09-03 12:36:45.405405404,15000,11610.797573031718,East,Fully Paid,Good Loan,Medium,2023-09
LN-1337,2023-09-04 06:09:00.540540540,10000,9167.603789513434,West,Fully Paid,Good Loan,Low,2023-09
LN-1338,2023-09-04 23:41:15.675675676,25000,26229.458358764085,West,Fully Paid,Good Loan,High,2023-09
LN-1339,2023-09-05 17:13:30.810810812,35000,34751.14840973386,East,Charged Off,Bad Loan,High,2023-09
LN-1340,2023-09-06 10:45:45.945945944,5000,5113.122295722899,North,Fully Paid,Good Loan,Low,2023-09
LN-1341,2023-09-07 04:18:01.081081080,20000,19270.26693368574,East,Fully Paid,Good Loan,Medium,2023-09
LN-1342,2023-09-07 21:50:16.216216216,5000,4884.553129035705,Central,Fully Paid,Good Loan,Low,2023-09
LN-1343,2023-09-08 15:22:31.351351352,25000,25991.956515653193,West,Charged Off,Bad Loan,High,2023-09
LN-1344,2023-09-09 08:54:46.486486484,20000,15997.344070873487,South,Fully Paid,Good Loan,Medium,2023-09
LN-1345,2023-09-10 02:27:01.621621620,25000,22394.249636431407,Central,Fully Paid,Good Loan,High,2023-09
LN-1346,2023-09-10 19:59:16.756756756,15000,11827.256650917612,West,Fully Paid,Good Loan,Medium,2023-09
LN-1347,2023-09-11 13:31:31.891891892,20000,21901.34406397318,East,Fully Paid,Good Loan,Medium,2023-09
LN-1348,2023-09-12 07:03:47.027027028,15000,16164.356038119682,Central,Current,Good Loan,Medium,2023-09
LN-1349,2023-09-13 00:36:02.162162160,5000,3578.8536227370114,West,Current,Good Loan,Low,2023-09
LN-1350,2023-09-13 18:08:17.297297296,5000,4911.150345031377,North,Fully Paid,Good Loan,Low,2023-09
LN-1351,2023-09-14 11:40:32.432432432,20000,21401.986539325328,North,Current,Good Loan,Medium,2023-09
LN-1352,2023-09-15 05:12:47.567567568,20000,15444.602761018668,South,Fully Paid,Good Loan,Medium,2023-09
LN-1353,2023-09-15 22:45:02.702702700,35000,32451.233227736815,West,Charged Off,Bad Loan,High,2023-09
LN-1354,2023-09-16 16:17:17.837837836,25000,26654.882975880424,North,Charged Off,Bad Loan,High,2023-09
LN-1355,2023-09-17 09:49:32.972972972,35000,24975.24370020118,East,Fully Paid,Good Loan,High,2023-09
LN-1356,2023-09-18 03:21:48.108108108,25000,24474.2026724684,West,Charged Off,Bad Loan,High,2023-09
LN-1357,2023-09-18 20:54:03.243243244,35000,28662.88610321571,East,Current,Good Loan,High,2023-09
LN-1358,2023-09-19 14:26:18.378378376,15000,16046.377172259183,East,Fully Paid,Good Loan,Medium,2023-09
LN-1359,2023-09-20 07:58:33.513513512,20000,21768.465961322945,North,Fully Paid,Good Loan,Medium,2023-09
LN-1360,2023-09-21 01:30:48.648648648,5000,5388.532978226867,West,Fully Paid,Good Loan,Low,2023-09
LN-1361,2023-09-21 19:03:03.783783784,25000,22242.14216657464,Central,Current,Good Loan,High,2023-09
LN-1362,2023-09-22 12:35:18.918918920,25000,26120.426509893136,North,Charged Off,Bad Loan,High,2023-09
LN-1363,2023-09-23 06:07:34.054054052,5000,5189.098797070141,North,Current,Good Loan,Low,2023-09
LN-1364,2023-09-23 23:39:49.189189188,35000,28967.406625405576,West,Charged Off,Bad Loan,High,2023-09
LN-1365,2023-09-24 17:12:04.324324324,25000,25789.154741506776,West,Fully Paid,Good Loan,High,2023-09
LN-1366,2023-09-25 10:44:19.459459460,15000,10722.045808292956,East,Current,Good Loan,Medium,2023-09
LN-1367,2023-09-26 04:16:34.594594592,20000,18770.159027856425,West,Current,Good Loan,Medium,2023-09
LN-1368,2023-09-26 21:48:49.729729728,5000,3960.017674575406,East,Fully Paid,Good Loan,Low,2023-09
LN-1369,2023-09-27 15:21:04.864864864,20000,14964.53508621823,North,Fully Paid,Good Loan,Medium,2023-09
LN-1370,2023-09-28 08:53:20.000000000,25000,18269.53201629209,South,Current,Good Loan,High,2023-09
LN-1371,2023-09-29 02:25:35.135135136,25000,24462.8877587814,Central,Fully Paid,Good Loan,High,2023-09
LN-1372,2023-09-29 19:57:50.270270268,5000,4179.749927536132,North,Current,Good Loan,Low,2023-09
LN-1373,2023-09-30 13:30:05.405405404,15000,14848.60062917257,West,Fully Paid,Good Loan,Medium,2023-09
LN-1374,2023-10-01 07:02:20.540540540,10000,7261.425363195769,Central,Fully Paid,Good Loan,Low,2023-10
LN-1375,2023-10-02 00:34:35.675675676,5000,4130.580675661221,South,Current,Good Loan,Low,2023-10
LN-1376,2023-10-02 18:06:50.810810808,10000,9157.965169501349,South,Fully Paid,Good Loan,Low,2023-10
LN-1377,2023-10-03 11:39:05.945945944,35000,35570.12430774549,East,Fully Paid,Good Loan,High,2023-10
LN-1378,2023-10-04 05:11:21.081081080,10000,8275.01001172828,Central,Fully Paid,Good Loan,Low,2023-10
LN-1379,2023-10-04 22:43:36.216216216,15000,14255.348258622056,East,Charged Off,Bad Loan,Medium,2023-10
LN-1380,2023-10-05 16:15:51.351351352,35000,36903.688475306626,North,Fully Paid,Good Loan,High,2023-10
LN-1381,2023-10-06 09:48:06.486486484,10000,9463.45275272922,Central,Charged Off,Bad Loan,Low,2023-10
LN-1382,2023-10-07 03:20:21.621621620,35000,27761.432646550875,North,Fully Paid,Good Loan,High,2023-10
LN-1383,2023-10-07 20:52:36.756756756,10000,7097.603126226152,East,Charged Off,Bad Loan,Low,2023-10
LN-1384,2023-10-08 14:24:51.891891892,15000,15720.593243405581,Central,Charged Off,Bad Loan,Medium,2023-10
LN-1385,2023-10-09 07:57:07.027027028,10000,7085.077643401548,East,Fully Paid,Good Loan,Low,2023-10
LN-1386,2023-10-10 01:29:22.162162160,10000,10498.8066907368,Central,Fully Paid,Good Loan,Low,2023-10
LN-1387,2023-10-10 19:01:37.297297296,10000,9115.74853610885,East,Fully Paid,Good Loan,Low,2023-10
LN-1388,2023-10-11 12:33:52.432432432,5000,5378.135397025792,South,Fully Paid,Good Loan,Low,2023-10
LN-1389,2023-10-12 06:06:07.567567568,5000,5097.566471547331,East,Fully Paid,Good Loan,Low,2023-10
LN-1390,2023-10-12 23:38:22.702702700,5000,5495.868221066676,South,Fully Paid,Good Loan,Low,2023-10
LN-1391,2023-10-13 17:10:37.837837836,15000,12604.270892710261,East,Fully Paid,Good Loan,Medium,2023-10
LN-1392,2023-10-14 10:42:52.972972972,35000,35240.636045035775,Central,Fully Paid,Good Loan,High,2023-10
LN-1393,2023-10-15 04:15:08.108108108,25000,21519.309136092423,Central,Fully Paid,Good Loan,High,2023-10
LN-1394,2023-10-15 21:47:23.243243244,10000,8919.502481215635,Central,Fully Paid,Good Loan,Low,2023-10
LN-1395,2023-10-16 15:19:38.378378376,10000,9510.02185287348,West,Charged Off,Bad Loan,Low,2023-10
LN-1396,2023-10-17 08:51:53.513513512,15000,15742.062685118035,North,Fully Paid,Good Loan,Medium,2023-10
LN-1397,2023-10-18 02:24:08.648648648,10000,10936.333876797182,Central,Fully Paid,Good Loan,Low,2023-10
LN-1398,2023-10-18 19:56:23.783783784,5000,5036.546827729037,South,Fully Paid,Good Loan,Low,2023-10
LN-1399,2023-10-19 13:28:38.918918916,25000,21677.667821673338,Central,Current,Good Loan,High,2023-10
LN-1400,2023-10-20 07:00:54.054054052,20000,17370.85601821656,West,Charged Off,Bad Loan,Medium,2023-10
LN-1401,2023-10-21 00:33:09.189189188,10000,9950.329206355565,South,Charged Off,Bad Loan,Low,2023-10
LN-1402,2023-10-21 18:05:24.324324324,5000,3977.5542915366045,West,Charged Off,Bad Loan,Low,2023-10
LN-1403,2023-10-22 11:37:39.459459460,20000,14883.792905051156,South,Fully Paid,Good Loan,Medium,2023-10
LN-1404,2023-10-23 05:09:54.594594592,25000,21046.221576407763,East,Current,Good Loan,High,2023-10
LN-1405,2023-10-23 22:42:09.729729728,20000,16297.911933232654,North,Current,Good Loan,Medium,2023-10
LN-1406,2023-10-24 16:14:24.864864864,5000,4092.61624091198,North,Fully Paid,Good Loan,Low,2023-10
LN-1407,2023-10-25 09:46:40.000000000,35000,27770.50851469874,West,Charged Off,Bad Loan,High,2023-10
LN-1408,2023-10-26 03:18:55.135135136,35000,25089.304654909065,North,Fully Paid,Good Loan,High,2023-10
LN-1409,2023-10-26 20:51:10.270270268,20000,14142.99147786731,West,Current,Good Loan,Medium,2023-10
LN-1410,2023-10-27 14:23:25.405405404,15000,16426.33433841619,West,Fully Paid,Good Loan,Medium,2023-10
LN-1411,2023-10-28 07:55:40.540540540,20000,17422.1850698869,West,Fully Paid,Good Loan,Medium,2023-10
LN-1412,2023-10-29 01:27:55.675675676,10000,8537.306588638727,North,Current,Good Loan,Low,2023-10
LN-1413,2023-10-29 19:00:10.810810808,10000,9718.58913077228,West,Fully Paid,Good Loan,Low,2023-10
LN-1414,2023-10-30 12:32:25.945945944,35000,27555.554430110897,North,Fully Paid,Good Loan,High,2023-10
LN-1415,2023-10-31 06:04:41.081081080,15000,16199.767103701355,West,Fully Paid,Good Loan,Medium,2023-10
LN-1416,2023-10-31 23:36:56.216216216,5000,5072.6900288311035,Central,Current,Good Loan,Low,2023-10
LN-1417,2023-11-01 17:09:11.351351352,10000,7357.644009249038,West,Fully Paid,Good Loan,Low,2023-11
LN-1418,2023-11-02 10:41:26.486486484,35000,30346.130860988997,South,Fully Paid,Good Loan,High,2023-11
LN-1419,2023-11-03 04:13:41.621621620,25000,26291.183075621648,West,Charged Off,Bad Loan,High,2023-11
LN-1420,2023-11-03 21:45:56.756756756,35000,37726.24831207975,East,Current,Good Loan,High,2023-11
LN-1421,2023-11-04 15:18:11.891891892,10000,8869.606044999478,West,Fully Paid,Good Loan,Low,2023-11
LN-1422,2023-11-05 08:50:27.027027028,10000,9453.645556842832,South,Current,Good Loan,Low,2023-11
LN-1423,2023-11-06 02:22:42.162162160,35000,26838.475245289053,South,Current,Good Loan,High,2023-11
LN-1424,2023-11-06 19:54:57.297297296,5000,5482.337252273954,North,Charged Off,Bad Loan,Low,2023-11
LN-1425,2023-11-07 13:27:12.432432432,20000,15853.373611067547,Central,Fully Paid,Good Loan,Medium,2023-11
LN-1426,2023-11-08 06:59:27.567567568,10000,10770.927096540503,West,Fully Paid,Good Loan,Low,2023-11
LN-1427,2023-11-09 00:31:42.702702700,35000,33595.05308589316,North,Fully Paid,Good Loan,High,2023-11
LN-1428,2023-11-09 18:03:57.837837836,35000,33008.31512830403,Central,Fully Paid,Good Loan,High,2023-11
LN-1429,2023-11-10 11:36:12.972972972,15000,13576.131066099051,West,Fully Paid,Good Loan,Medium,2023-11
LN-1430,2023-11-11 05:08:28.108108108,20000,15845.35849374207,East,Fully Paid,Good Loan,Medium,2023-11
LN-1431,2023-11-11 22:40:43.243243244,25000,19265.28032005508,West,Fully Paid,Good Loan,High,2023-11
LN-1432,2023-11-12 16:12:58.378378376,5000,3940.9724181403503,South,Fully Paid,Good Loan,Low,2023-11
LN-1433,2023-11-13 09:45:13.513513512,25000,19364.382621442543,South,Fully Paid,Good Loan,High,2023-11
LN-1434,2023-11-14 03:17:28.648648648,20000,20236.675788534027,East,Charged Off,Bad Loan,Medium,2023-11
LN-1435,2023-11-14 20:49:43.783783784,20000,16801.002073333842,North,Fully Paid,Good Loan,Medium,2023-11
LN-1436,2023-11-15 14:21:58.918918916,20000,14462.74141250717,Central,Fully Paid,Good Loan,Medium,2023-11
LN-1437,2023-11-16 07:54:14.054054052,25000,27191.026301408117,West,Current,Good Loan,High,2023-11
LN-1438,2023-11-17 01:26:29.189189188,20000,21070.287079707407,South,Fully Paid,Good Loan,Medium,2023-11
LN-1439,2023-11-17 18:58:44.324324324,35000,37488.53196473299,North,Current,Good Loan,High,2023-11
LN-1440,2023-11-18 12:30:59.459459460,25000,27449.078226464353,East,Current,Good Loan,High,2023-11
LN-1441,2023-11-19 06:03:14.594594592,20000,15391.161993755897,South,Fully Paid,Good Loan,Medium,2023-11
LN-1442,2023-11-19 23:35:29.729729728,35000,30047.388264637222,East,Current,Good Loan,High,2023-11
LN-1443,2023-11-20 17:07:44.864864864,15000,15049.430854224549,West,Fully Paid,Good Loan,Medium,2023-11
LN-1444,2023-11-21 10:40:00.000000000,20000,19568.16494443034,Central,Fully Paid,Good Loan,Medium,2023-11
LN-1445,2023-11-22 04:12:15.135135136,25000,19038.95906339855,South,Fully Paid,Good Loan,High,2023-11
LN-1446,2023-11-22 21:44:30.270270268,10000,10263.332499962473,South,Fully Paid,Good Loan,Low,2023-11
LN-1447,2023-11-23 15:16:45.405405404,20000,15795.524574693285,West,Charged Off,Bad Loan,Medium,2023-11
LN-1448,2023-11-24 08:49:00.540540540,10000,7895.270459290492,North,Fully Paid,Good Loan,Low,2023-11
LN-1449,2023-11-25 02:21:15.675675676,35000,32017.64192050779,Central,Fully Paid,Good Loan,High,2023-11
LN-1450,2023-11-25 19:53:30.810810808,15000,14057.639609050218,South,Fully Paid,Good Loan,Medium,2023-11
LN-1451,2023-11-26 13:25:45.945945944,5000,4660.172415675623,Central,Fully Paid,Good Loan,Low,2023-11
LN-1452,2023-11-27 06:58:01.081081080,15000,11048.92102438653,South,Fully Paid,Good Loan,Medium,2023-11
LN-1453,2023-11-28 00:30:16.216216216,20000,21019.686901043046,Central,Fully Paid,Good Loan,Medium,2023-11
LN-1454,2023-11-28 18:02:31.351351352,10000,8062.400170354825,East,Current,Good Loan,Low,2023-11
LN-1455,2023-11-29 11:34:46.486486484,10000,7518.059685131217,South,Fully Paid,Good Loan,Low,2023-11
LN-1456,2023-11-30 05:07:01.621621620,25000,26387.480798689772,Central,Fully Paid,Good Loan,High,2023-11
LN-1457,2023-11-30 22:39:16.756756756,10000,10822.605992919014,North,Fully Paid,Good Loan,Low,2023-11
LN-1458,2023-12-01 16:11:31.891891892,25000,26121.276172654507,East,Fully Paid,Good Loan,High,2023-12
LN-1459,2023-12-02 09:43:47.027027024,35000,35833.22504614829,East,Charged Off,Bad Loan,High,2023-12
LN-1460,2023-12-03 03:16:02.162162160,5000,4810.483961278043,North,Fully Paid,Good Loan,Low,2023-12
LN-1461,2023-12-03 20:48:17.297297296,20000,18406.858964873118,Central,Fully Paid,Good Loan,Medium,2023-12
LN-1462,2023-12-04 14:20:32.432432432,25000,18369.867599114103,West,Fully Paid,Good Loan,High,2023-12
LN-1463,2023-12-05 07:52:47.567567568,5000,4316.906426141398,North,Current,Good Loan,Low,2023-12
LN-1464,2023-12-06 01:25:02.702702700,10000,8490.754068049255,Central,Fully Paid,Good Loan,Low,2023-12
LN-1465,2023-12-06 18:57:17.837837836,10000,8039.015135041305,North,Fully Paid,Good Loan,Low,2023-12
LN-1466,2023-12-07 12:29:32.972972972,5000,4946.840227377171,North,Current,Good Loan,Low,2023-12
LN-1467,2023-12-08 06:01:48.108108108,10000,8983.502940315084,South,Fully Paid,Good Loan,Low,2023-12
LN-1468,2023-12-08 23:34:03.243243244,35000,25634.64702270707,Central,Charged Off,Bad Loan,High,2023-12
LN-1469,2023-12-09 17:06:18.378378376,35000,27582.56482729736,West,Current,Good Loan,High,2023-12
LN-1470,2023-12-10 10:38:33.513513512,5000,4866.517527319192,South,Fully Paid,Good Loan,Low,2023-12
LN-1471,2023-12-11 04:10:48.648648648,25000,18261.308594903,North,Fully Paid,Good Loan,High,2023-12
LN-1472,2023-12-11 21:43:03.783783784,25000,26012.069140487685,North,Fully Paid,Good Loan,High,2023-12
LN-1473,2023-12-12 15:15:18.918918916,5000,4490.2930540279485,North,Fully Paid,Good Loan,Low,2023-12
LN-1474,2023-12-13 08:47:34.054054052,25000,22305.86577326648,Central,Charged Off,Bad Loan,High,2023-12
LN-1475,2023-12-14 02:19:49.189189188,25000,23424.077846595177,Central,Fully Paid,Good Loan,High,2023-12
LN-1476,2023-12-14 19:52:04.324324324,35000,36045.533522952086,South,Fully Paid,Good Loan,High,2023-12
LN-1477,2023-12-15 13:24:19.459459460,25000,20978.09207902193,West,Current,Good Loan,High,2023-12
LN-1478,2023-12-16 06:56:34.594594592,15000,14568.096915354383,South,Fully Paid,Good Loan,Medium,2023-12
LN-1479,2023-12-17 00:28:49.729729728,20000,18525.85571196633,East,Fully Paid,Good Loan,Medium,2023-12
LN-1480,2023-12-17 18:01:04.864864864,10000,8068.1130806776855,North,Fully Paid,Good Loan,Low,2023-12
LN-1481,2023-12-18 11:33:20.000000000,15000,15771.77991813095,North,Fully Paid,Good Loan,Medium,2023-12
LN-1482,2023-12-19 05:05:35.135135136,25000,25474.260216069284,North,Current,Good Loan,High,2023-12
LN-1483,2023-12-19 22:37:50.270270268,35000,33718.325685217955,South,Fully Paid,Good Loan,High,2023-12
LN-1484,2023-12-20 16:10:05.405405404,5000,5201.163458188485,South,Fully Paid,Good Loan,Low,2023-12
LN-1485,2023-12-21 09:42:20.540540540,25000,26172.942009598028,North,Fully Paid,Good Loan,High,2023-12
LN-1486,2023-12-22 03:14:35.675675676,35000,34417.08167401049,South,Fully Paid,Good Loan,High,2023-12
LN-1487,2023-12-22 20:46:50.810810808,20000,20696.106626909375,Central,Fully Paid,Good Loan,Medium,2023-12
LN-1488,2023-12-23 14:19:05.945945944,25000,24474.71461669284,Central,Fully Paid,Good Loan,High,2023-12
LN-1489,2023-12-24 07:51:21.081081080,5000,4860.281543520601,South,Fully Paid,Good Loan,Low,2023-12
LN-1490,2023-12-25 01:23:36.216216216,35000,33160.55929501258,North,Charged Off,Bad Loan,High,2023-12
LN-1491,2023-12-25 18:55:51.351351352,35000,35038.032953806985,South,Fully Paid,Good Loan,High,2023-12
LN-1492,2023-12-26 12:28:06.486486484,35000,26720.47147410303,South,Fully Paid,Good Loan,High,2023-12
LN-1493,2023-12-27 06:00:21.621621620,20000,21046.96607359143,South,Fully Paid,Good Loan,Medium,2023-12
LN-1494,2023-12-27 23:32:36.756756756,25000,26218.435277452325,East,Current,Good Loan,High,2023-12
LN-1495,2023-12-28 17:04:51.891891892,20000,14233.978264276473,Central,Current,Good Loan,Medium,2023-12
LN-1496,2023-12-29 10:37:07.027027024,10000,10303.267002259052,West,Fully Paid,Good Loan,Low,2023-12
LN-1497,2023-12-30 04:09:22.162162160,10000,7515.479469893781,West,Charged Off,Bad Loan,Low,2023-12
LN-1498,2023-12-30 21:41:37.297297296,25000,20851.18854259142,East,Fully Paid,Good Loan,High,2023-12
LN-1499,2023-12-31 15:13:52.432432432,20000,19948.06605033286,South,Fully Paid,Good Loan,Medium,2023-12
LN-1500,2024-01-01 08:46:07.567567568,5000,3821.5197920966166,East,Fully Paid,Good Loan,Low,2024-01
LN-1501,2024-01-02 02:18:22.702702700,35000,35951.53833766687,East,Fully Paid,Good Loan,High,2024-01
LN-1502,2024-01-02 19:50:37.837837836,35000,36149.87849140839,North,Current,Good Loan,High,2024-01
LN-1503,2024-01-03 13:22:52.972972972,25000,22574.677337608362,Central,Fully Paid,Good Loan,High,2024-01
LN-1504,2024-01-04 06:55:08.108108108,10000,7025.543486867334,West,Fully Paid,Good Loan,Low,2024-01
LN-1505,2024-01-05 00:27:23.243243244,10000,8148.152532699651,South,Charged Off,Bad Loan,Low,2024-01
LN-1506,2024-01-05 17:59:38.378378376,35000,33136.97685726039,West,Fully Paid,Good Loan,High,2024-01
LN-1507,2024-01-06 11:31:53.513513512,25000,27311.861780274237,West,Fully Paid,Good Loan,High,2024-01
LN-1508,2024-01-07 05:04:08.648648648,20000,19054.50821613335,Central,Fully Paid,Good Loan,Medium,2024-01
LN-1509,2024-01-07 22:36:23.783783784,10000,8039.214324256639,West,Fully Paid,Good Loan,Low,2024-01
LN-1510,2024-01-08 16:08:38.918918916,20000,19072.04562479689,West,Fully Paid,Good Loan,Medium,2024-01
LN-1511,2024-01-09 09:40:54.054054052,10000,9159.941518863423,East,Current,Good Loan,Low,2024-01
LN-1512,2024-01-10 03:13:09.189189188,10000,10119.381580604573,Central,Fully Paid,Good Loan,Low,2024-01
LN-1513,2024-01-10 20:45:24.324324324,15000,11141.88383296175,North,Fully Paid,Good Loan,Medium,2024-01
LN-1514,2024-01-11 14:17:39.459459460,10000,10044.111610008113,South,Current,Good Loan,Low,2024-01
LN-1515,2024-01-12 07:49:54.594594592,5000,4582.533157352221,West,Current,Good Loan,Low,2024-01
LN-1516,2024-01-13 01:22:09.729729728,25000,27129.92003858995,South,Fully Paid,Good Loan,High,2024-01
LN-1517,2024-01-13 18:54:24.864864864,25000,20918.721660386862,North,Fully Paid,Good Loan,High,2024-01
LN-1518,2024-01-14 12:26:40.000000000,20000,19060.975145071585,South,Fully Paid,Good Loan,Medium,2024-01
LN-1519,2024-01-15 05:58:55.135135132,10000,10728.11242204007,North,Fully Paid,Good Loan,Low,2024-01
LN-1520,2024-01-15 23:31:10.270270268,5000,3705.019455981358,East,Fully Paid,Good Loan,Low,2024-01
LN-1521,2024-01-16 17:03:25.405405404,20000,21497.827897891613,West,Fully Paid,Good Loan,Medium,2024-01
LN-1522,2024-01-17 10:35:40.540540540,15000,14627.314333804881,North,Charged Off,Bad Loan,Medium,2024-01
LN-1523,2024-01-18 04:07:55.675675676,20000,14542.696472841375,South,Fully Paid,Good Loan,Medium,2024-01
LN-1524,2024-01-18 21:40:10.810810808,20000,16407.70853557453,West,Current,Good Loan,Medium,2024-01
LN-1525,2024-01-19 15:12:25.945945944,10000,9832.688354581127,East,Fully Paid,Good Loan,Low,2024-01
LN-1526,2024-01-20 08:44:41.081081080,15000,10904.10360881263,West,Current,Good Loan,Medium,2024-01
LN-1527,2024-01-21 02:16:56.216216216,20000,18657.363681410185,North,Fully Paid,Good Loan,Medium,2024-01
LN-1528,2024-01-21 19:49:11.351351352,5000,4191.766113905914,East,Current,Good Loan,Low,2024-01
LN-1529,2024-01-22 13:21:26.486486484,5000,4741.831035534955,South,Fully Paid,Good Loan,Low,2024-01
LN-1530,2024-01-23 06:53:41.621621620,25000,17957.42033812513,East,Fully Paid,Good Loan,High,2024-01
LN-1531,2024-01-24 00:25:56.756756756,15000,15729.220836914259,East,Fully Paid,Good Loan,Medium,2024-01
LN-1532,2024-01-24 17:58:11.891891892,15000,16340.933815064383,Central,Current,Good Loan,Medium,2024-01
LN-1533,2024-01-25 11:30:27.027027024,25000,27188.77855285692,East,Fully Paid,Good Loan,High,2024-01
LN-1534,2024-01-26 05:02:42.162162160,20000,19997.2146539434,East,Fully Paid,Good Loan,Medium,2024-01
LN-1535,2024-01-26 22:34:57.297297296,15000,11280.517440783791,West,Fully Paid,Good Loan,Medium,2024-01
LN-1536,2024-01-27 16:07:12.432432432,5000,5016.526391858045,South,Fully Paid,Good Loan,Low,2024-01
LN-1537,2024-01-28 09:39:27.567567568,5000,3549.173832917603,West,Fully Paid,Good Loan,Low,2024-01
LN-1538,2024-01-29 03:11:42.702702700,10000,7088.494206115988,West,Fully Paid,Good Loan,Low,2024-01
LN-1539,2024-01-29 20:43:57.837837836,15000,12441.661314897246,North,Charged Off,Bad Loan,Medium,2024-01
LN-1540,2024-01-30 14:16:12.972972972,20000,17909.145523237326,West,Current,Good Loan,Medium,2024-01
LN-1541,2024-01-31 07:48:28.108108108,25000,25204.074178077935,Central,Charged Off,Bad Loan,High,2024-01
LN-1542,2024-02-01 01:20:43.243243240,25000,24332.953766065053,Central,Fully Paid,Good Loan,High,2024-02
LN-1543,2024-02-01 18:52:58.378378376,20000,17567.221651013988,North,Charged Off,Bad Loan,Medium,2024-02
LN-1544,2024-02-02 12:25:13.513513512,35000,28330.773327943323,South,Current,Good Loan,High,2024-02
LN-1545,2024-02-03 05:57:28.648648648,10000,10988.498000630847,South,Current,Good Loan,Low,2024-02
LN-1546,2024-02-03 23:29:43.783783784,25000,21761.81302235973,West,Fully Paid,Good Loan,High,2024-02
LN-1547,2024-02-04 17:01:58.918918916,15000,13208.322145978053,West,Fully Paid,Good Loan,Medium,2024-02
LN-1548,2024-02-05 10:34:14.054054052,10000,7654.495284766677,West,Current,Good Loan,Low,2024-02
LN-1549,2024-02-06 04:06:29.189189188,15000,15268.857292499577,South,Fully Paid,Good Loan,Medium,2024-02
LN-1550,2024-02-06 21:38:44.324324324,5000,4887.364451562978,East,Fully Paid,Good Loan,Low,2024-02
LN-1551,2024-02-07 15:10:59.459459460,10000,7883.078451155041,Central,Fully Paid,Good Loan,Low,2024-02
LN-1552,2024-02-08 08:43:14.594594592,25000,18323.810456158426,East,Charged Off,Bad Loan,High,2024-02
LN-1553,2024-02-09 02:15:29.729729728,10000,9721.997208298853,East,Charged Off,Bad Loan,Low,2024-02
LN-1554,2024-02-09 19:47:44.864864864,10000,9618.044857124542,South,Charged Off,Bad Loan,Low,2024-02
LN-1555,2024-02-10 13:20:00.000000000,10000,8093.0381079928375,East,Fully Paid,Good Loan,Low,2024-02
LN-1556,2024-02-11 06:52:15.135135132,35000,37812.08987150575,North,Fully Paid,Good Loan,High,2024-02
LN-1557,2024-02-12 00:24:30.270270268,10000,7604.2315671236,West,Fully Paid,Good Loan,Low,2024-02
LN-1558,2024-02-12 17:56:45.405405404,15000,13094.008806255611,North,Fully Paid,Good Loan,Medium,2024-02
LN-1559,2024-02-13 11:29:00.540540540,5000,5387.231840335198,Central,Fully Paid,Good Loan,Low,2024-02
LN-1560,2024-02-14 05:01:15.675675676,20000,17357.818535408976,West,Fully Paid,Good Loan,Medium,2024-02
LN-1561,2024-02-14 22:33:30.810810808,10000,9554.103790656343,East,Fully Paid,Good Loan,Low,2024-02
LN-1562,2024-02-15 16:05:45.945945944,25000,21475.943979627944,Central,Fully Paid,Good Loan,High,2024-02
LN-1563,2024-02-16 09:38:01.081081080,10000,8096.8608093946805,West,Charged Off,Bad Loan,Low,2024-02
LN-1564,2024-02-17 03:10:16.216216216,25000,27339.776479598288,East,Fully Paid,Good Loan,High,2024-02
LN-1565,2024-02-17 20:42:31.351351352,15000,12956.004037890258,North,Charged Off,Bad Loan,Medium,2024-02
LN-1566,2024-02-18 14:14:46.486486484,25000,26440.992036791344,West,Fully Paid,Good Loan,High,2024-02
LN-1567,2024-02-19 07:47:01.621621620,20000,15839.636847128688,East,Fully Paid,Good Loan,Medium,2024-02
LN-1568,2024-02-20 01:19:16.756756756,5000,3926.2094080501665,North,Fully Paid,Good Loan,Low,2024-02
LN-1569,2024-02-20 18:51:31.891891892,25000,17811.340828845114,Central,Fully Paid,Good Loan,High,2024-02
LN-1570,2024-02-21 12:23:47.027027024,25000,24016.668253758853,Central,Fully Paid,Good Loan,High,2024-02
LN-1571,2024-02-22 05:56:02.162162160,5000,4237.052687447523,Central,Current,Good Loan,Low,2024-02
LN-1572,2024-02-22 23:28:17.297297296,20000,20914.865998717098,Central,Fully Paid,Good Loan,Medium,2024-02
LN-1573,2024-02-23 17:00:32.432432432,10000,8892.839626766228,South,Fully Paid,Good Loan,Low,2024-02
LN-1574,2024-02-24 10:32:47.567567568,25000,27181.93427914722,West,Fully Paid,Good Loan,High,2024-02
LN-1575,2024-02-25 04:05:02.702702704,5000,3871.0510314062426,West,Charged Off,Bad Loan,Low,2024-02
LN-1576,2024-02-25 21:37:17.837837840,15000,15711.739007733666,South,Current,Good Loan,Medium,2024-02
LN-1577,2024-02-26 15:09:32.972972968,5000,5053.193705583484,East,Current,Good Loan,Low,2024-02
LN-1578,2024-02-27 08:41:48.108108104,15000,15125.531067864315,East,Fully Paid,Good Loan,Medium,2024-02
LN-1579,2024-02-28 02:14:03.243243240,20000,20758.265824935104,Central,Current,Good Loan,Medium,2024-02
LN-1580,2024-02-28 19:46:18.378378376,10000,10044.095963771995,North,Current,Good Loan,Low,2024-02
LN-1581,2024-02-29 13:18:33.513513512,5000,4752.440643262831,East,Fully Paid,Good Loan,Low,2024-02
LN-1582,2024-03-01 06:50:48.648648648,35000,26337.428287553426,North,Charged Off,Bad Loan,High,2024-03
LN-1583,2024-03-02 00:23:03.783783784,25000,17825.261794912516,West,Fully Paid,Good Loan,High,2024-03
LN-1584,2024-03-02 17:55:18.918918920,20000,21366.782782525497,North,Charged Off,Bad Loan,Medium,2024-03
LN-1585,2024-03-03 11:27:34.054054056,5000,4733.300629041476,West,Charged Off,Bad Loan,Low,2024-03
LN-1586,2024-03-04 04:59:49.189189184,25000,25465.37290976176,South,Fully Paid,Good Loan,High,2024-03
LN-1587,2024-03-04 22:32:04.324324320,5000,4463.0447030251,South,Fully Paid,Good Loan,Low,2024-03
LN-1588,2024-03-05 16:04:19.459459456,15000,11203.849133774365,Central,Charged Off,Bad Loan,Medium,2024-03
LN-1589,2024-03-06 09:36:34.594594592,5000,3750.3715844051007,East,Fully Paid,Good Loan,Low,2024-03
LN-1590,2024-03-07 03:08:49.729729728,35000,34097.9140212056,Central,Fully Paid,Good Loan,High,2024-03
LN-1591,2024-03-07 20:41:04.864864864,5000,4360.611789798925,West,Charged Off,Bad Loan,Low,2024-03
LN-1592,2024-03-08 14:13:20.000000000,5000,3901.0494534006734,Central,Fully Paid,Good Loan,Low,2024-03
LN-1593,2024-03-09 07:45:35.135135136,35000,31382.323654380118,North,Fully Paid,Good Loan,High,2024-03
LN-1594,2024-03-10 01:17:50.270270272,20000,14513.671496601073,West,Fully Paid,Good Loan,Medium,2024-03
LN-1595,2024-03-10 18:50:05.405405408,5000,4663.942803828798,South,Fully Paid,Good Loan,Low,2024-03
LN-1596,2024-03-11 12:22:20.540540536,35000,28265.907662091366,East,Fully Paid,Good Loan,High,2024-03
LN-1597,2024-03-12 05:54:35.675675672,25000,25475.591006371884,West,Fully Paid,Good Loan,High,2024-03
LN-1598,2024-03-12 23:26:50.810810808,15000,12362.171753541443,West,Fully Paid,Good Loan,Medium,2024-03
LN-1599,2024-03-13 16:59:05.945945944,15000,13231.320894490807,North,Fully Paid,Good Loan,Medium,2024-03
LN-1600,2024-03-14 10:31:21.081081080,5000,3523.2410798162014,East,Current,Good Loan,Low,2024-03
LN-1601,2024-03-15 04:03:36.216216216,20000,14579.57510235647,South,Fully Paid,Good Loan,Medium,2024-03
LN-1602,2024-03-15 21:35:51.351351352,20000,17139.94845125348,West,Fully Paid,Good Loan,Medium,2024-03
LN-1603,2024-03-16 15:08:06.486486488,25000,22299.388347171232,West,Current,Good Loan,High,2024-03
LN-1604,2024-03-17 08:40:21.621621624,5000,4700.041096238608,North,Fully Paid,Good Loan,Low,2024-03
LN-1605,2024-03-18 02:12:36.756756752,15000,12249.97547225582,Central,Fully Paid,Good Loan,Medium,2024-03
LN-1606,2024-03-18 19:44:51.891891888,20000,19559.85508901234,South,Fully Paid,Good Loan,Medium,2024-03
LN-1607,2024-03-19 13:17:07.027027024,5000,5220.244794378409,East,Charged Off,Bad Loan,Low,2024-03
LN-1608,2024-03-20 06:49:22.162162160,20000,20238.8079111468,West,Fully Paid,Good Loan,Medium,2024-03
LN-1609,2024-03-21 00:21:37.297297296,35000,25054.663554876995,West,Fully Paid,Good Loan,High,2024-03
LN-1610,2024-03-21 17:53:52.432432432,20000,17844.05557806263,South,Current,Good Loan,Medium,2024-03
LN-1611,2024-03-22 11:26:07.567567568,15000,11129.58107050905,Central,Fully Paid,Good Loan,Medium,2024-03
LN-1612,2024-03-23 04:58:22.702702704,10000,7968.18006345011,West,Fully Paid,Good Loan,Low,2024-03
LN-1613,2024-03-23 22:30:37.837837840,25000,27366.625932671468,South,Fully Paid,Good Loan,High,2024-03
LN-1614,2024-03-24 16:02:52.972972968,25000,18924.95542901513,North,Fully Paid,Good Loan,High,2024-03
LN-1615,2024-03-25 09:35:08.108108104,15000,13493.328920708136,Central,Current,Good Loan,Medium,2024-03
LN-1616,2024-03-26 03:07:23.243243240,20000,18945.245874544955,East,Fully Paid,Good Loan,Medium,2024-03
LN-1617,2024-03-26 20:39:38.378378376,5000,4904.929941088208,West,Fully Paid,Good Loan,Low,2024-03
LN-1618,2024-03-27 14:11:53.513513512,20000,18477.189467895314,South,Fully Paid,Good Loan,Medium,2024-03
LN-1619,2024-03-28 07:44:08.648648648,15000,10558.625084515103,North,Current,Good Loan,Medium,2024-03
LN-1620,2024-03-29 01:16:23.783783784,25000,20764.61308243992,East,Fully Paid,Good Loan,High,2024-03
LN-1621,2024-03-29 18:48:38.918918920,20000,18141.693147077694,South,Fully Paid,Good Loan,Medium,2024-03
LN-1622,2024-03-30 12:20:54.054054056,25000,18378.66499144833,South,Fully Paid,Good Loan,High,2024-03
LN-1623,2024-03-31 05:53:09.189189184,5000,4201.253862418362,East,Fully Paid,Good Loan,Low,2024-03
LN-1624,2024-03-31 23:25:24.324324320,25000,17832.031087913663,North,Fully Paid,Good Loan,High,2024-03
LN-1625,2024-04-01 16:57:39.459459456,25000,18285.784971550205,North,Fully Paid,Good Loan,High,2024-04
LN-1626,2024-04-02 10:29:54.594594592,10000,8587.693104806383,Central,Fully Paid,Good Loan,Low,2024-04
LN-1627,2024-04-03 04:02:09.729729728,10000,7530.863016172241,West,Fully Paid,Good Loan,Low,2024-04
LN-1628,2024-04-03 21:34:24.864864864,35000,32445.57187566182,East,Fully Paid,Good Loan,High,2024-04
LN-1629,2024-04-04 15:06:40.000000000,10000,9757.859876549062,East,Charged Off,Bad Loan,Low,2024-04
LN-1630,2024-04-05 08:38:55.135135136,25000,25505.866991090832,East,Fully Paid,Good Loan,High,2024-04
LN-1631,2024-04-06 02:11:10.270270272,15000,11700.901465468862,North,Current,Good Loan,Medium,2024-04
LN-1632,2024-04-06 19:43:25.405405400,25000,19174.825822590697,West,Fully Paid,Good Loan,High,2024-04
LN-1633,2024-04-07 13:15:40.540540536,15000,11127.407042006402,Central,Fully Paid,Good Loan,Medium,2024-04
LN-1634,2024-04-08 06:47:55.675675672,15000,14318.581497261821,South,Fully Paid,Good Loan,Medium,2024-04
LN-1635,2024-04-09 00:20:10.810810808,10000,9825.902905947605,South,Fully Paid,Good Loan,Low,2024-04
LN-1636,2024-04-09 17:52:25.945945944,20000,14252.689158605137,East,Fully Paid,Good Loan,Medium,2024-04
LN-1637,2024-04-10 11:24:41.081081080,5000,5372.42449248738,West,Charged Off,Bad Loan,Low,2024-04
LN-1638,2024-04-11 04:56:56.216216216,10000,7207.885134605889,North,Fully Paid,Good Loan,Low,2024-04
LN-1639,2024-04-11 22:29:11.351351352,10000,9165.185341204282,West,Charged Off,Bad Loan,Low,2024-04
LN-1640,2024-04-12 16:01:26.486486488,20000,19672.484155607333,West,Fully Paid,Good Loan,Medium,2024-04
LN-1641,2024-04-13 09:33:41.621621624,5000,5241.938247492171,North,Current,Good Loan,Low,2024-04
LN-1642,2024-04-14 03:05:56.756756752,25000,24640.86932132428,East,Fully Paid,Good Loan,High,2024-04
LN-1643,2024-04-14 20:38:11.891891888,35000,35724.193162977084,West,Current,Good Loan,High,2024-04
LN-1644,2024-04-15 14:10:27.027027024,35000,29252.302695599286,South,Fully Paid,Good Loan,High,2024-04
LN-1645,2024-04-16 07:42:42.162162160,25000,25648.251137465122,North,Current,Good Loan,High,2024-04
LN-1646,2024-04-17 01:14:57.297297296,10000,7320.4593855387,Central,Fully Paid,Good Loan,Low,2024-04
LN-1647,2024-04-17 18:47:12.432432432,5000,5289.6333121210555,East,Current,Good Loan,Low,2024-04
LN-1648,2024-04-18 12:19:27.567567568,10000,9190.369504614946,North,Fully Paid,Good Loan,Low,2024-04
LN-1649,2024-04-19 05:51:42.702702704,15000,15403.786619774963,Central,Charged Off,Bad Loan,Medium,2024-04
LN-1650,2024-04-19 23:23:57.837837840,10000,8809.2731380732,Central,Fully Paid,Good Loan,Low,2024-04
LN-1651,2024-04-20 16:56:12.972972968,10000,9574.3107807861,West,Current,Good Loan,Low,2024-04
LN-1652,2024-04-21 10:28:28.108108104,25000,22764.02660936113,West,Charged Off,Bad Loan,High,2024-04
LN-1653,2024-04-22 04:00:43.243243240,25000,24815.89521755332,West,Current,Good Loan,High,2024-04
LN-1654,2024-04-22 21:32:58.378378376,25000,18316.299820305896,North,Fully Paid,Good Loan,High,2024-04
LN-1655,2024-04-23 15:05:13.513513512,35000,25344.929175867892,North,Fully Paid,Good Loan,High,2024-04
LN-1656,2024-04-24 08:37:28.648648648,15000,11982.619404060879,East,Charged Off,Bad Loan,Medium,2024-04
LN-1657,2024-04-25 02:09:43.783783784,25000,19095.446801131882,West,Fully Paid,Good Loan,High,2024-04
LN-1658,2024-04-25 19:41:58.918918920,5000,5243.567133184403,Central,Fully Paid,Good Loan,Low,2024-04
LN-1659,2024-04-26 13:14:14.054054056,35000,27568.99582301262,South,Current,Good Loan,High,2024-04
LN-1660,2024-04-27 06:46:29.189189184,20000,21806.922046553052,East,Current,Good Loan,Medium,2024-04
LN-1661,2024-04-28 00:18:44.324324320,5000,4173.791583542214,North,Fully Paid,Good Loan,Low,2024-04
LN-1662,2024-04-28 17:50:59.459459456,5000,3864.2358313773984,East,Current,Good Loan,Low,2024-04
LN-1663,2024-04-29 11:23:14.594594592,25000,25396.985071424795,East,Current,Good Loan,High,2024-04
LN-1664,2024-04-30 04:55:29.729729728,20000,19269.66220400701,East,Fully Paid,Good Loan,Medium,2024-04
LN-1665,2024-04-30 22:27:44.864864864,20000,17985.565731625113,East,Charged Off,Bad Loan,Medium,2024-04
LN-1666,2024-05-01 16:00:00.000000000,35000,32275.08971312684,South,Fully Paid,Good Loan,High,2024-05
LN-1667,2024-05-02 09:32:15.135135136,20000,19753.614226178113,West,Fully Paid,Good Loan,Medium,2024-05
LN-1668,2024-05-03 03:04:30.270270272,15000,11870.728447987793,Central,Fully Paid,Good Loan,Medium,2024-05
LN-1669,2024-05-03 20:36:45.405405400,25000,27463.339160567422,East,Fully Paid,Good Loan,High,2024-05
LN-1670,2024-05-04 14:09:00.540540536,20000,21798.34529717427,East,Charged Off,Bad Loan,Medium,2024-05
LN-1671,2024-05-05 07:41:15.675675672,35000,33604.55960885712,East,Fully Paid,Good Loan,High,2024-05
LN-1672,2024-05-06 01:13:30.810810808,15000,11697.254705574871,West,Fully Paid,Good Loan,Medium,2024-05
LN-1673,2024-05-06 18:45:45.945945944,10000,9720.912969725166,North,Fully Paid,Good Loan,Low,2024-05
LN-1674,2024-05-07 12:18:01.081081080,10000,7288.793635916702,North,Fully Paid,Good Loan,Low,2024-05
LN-1675,2024-05-08 05:50:16.216216216,15000,10683.915013234835,South,Fully Paid,Good Loan,Medium,2024-05
LN-1676,2024-05-08 23:22:31.351351352,35000,28107.56043915699,North,Fully Paid,Good Loan,High,2024-05
LN-1677,2024-05-09 16:54:46.486486488,15000,13275.737740435898,East,Fully Paid,Good Loan,Medium,2024-05
LN-1678,2024-05-10 10:27:01.621621624,25000,26182.725054083807,East,Charged Off,Bad Loan,High,2024-05
LN-1679,2024-05-11 03:59:16.756756752,25000,24771.69069766308,East,Fully Paid,Good Loan,High,2024-05
LN-1680,2024-05-11 21:31:31.891891888,10000,9970.826084799925,South,Fully Paid,Good Loan,Low,2024-05
LN-1681,2024-05-12 15:03:47.027027024,20000,17403.946675584604,East,Fully Paid,Good Loan,Medium,2024-05
LN-1682,2024-05-13 08:36:02.162162160,35000,29343.08989565748,North,Current,Good Loan,High,2024-05
LN-1683,2024-05-14 02:08:17.297297296,10000,8484.15505193841,West,Fully Paid,Good Loan,Low,2024-05
LN-1684,2024-05-14 19:40:32.432432432,20000,21901.196509888465,West,Fully Paid,Good Loan,Medium,2024-05
LN-1685,2024-05-15 13:12:47.567567568,20000,14320.873531299858,Central,Fully Paid,Good Loan,Medium,2024-05
LN-1686,2024-05-16 06:45:02.702702704,25000,26170.31496122449,North,Charged Off,Bad Loan,High,2024-05
LN-1687,2024-05-17 00:17:17.837837840,5000,4657.350817144787,East,Fully Paid,Good Loan,Low,2024-05
LN-1688,2024-05-17 17:49:32.972972968,5000,4377.230838379181,West,Current,Good Loan,Low,2024-05
LN-1689,2024-05-18 11:21:48.108108104,15000,14851.54596249082,North,Fully Paid,Good Loan,Medium,2024-05
LN-1690,2024-05-19 04:54:03.243243240,25000,22366.68941424703,West,Fully Paid,Good Loan,High,2024-05
LN-1691,2024-05-19 22:26:18.378378376,20000,20987.385904653285,East,Current,Good Loan,Medium,2024-05
LN-1692,2024-05-20 15:58:33.513513512,35000,37109.82609615762,West,Fully Paid,Good Loan,High,2024-05
LN-1693,2024-05-21 09:30:48.648648648,5000,4343.441853746911,Central,Charged Off,Bad Loan,Low,2024-05
LN-1694,2024-05-22 03:03:03.783783784,20000,16214.622377880412,Central,Charged Off,Bad Loan,Medium,2024-05
LN-1695,2024-05-22 20:35:18.918918920,5000,4684.700657186724,West,Charged Off,Bad Loan,Low,2024-05
LN-1696,2024-05-23 14:07:34.054054056,5000,5324.726691233383,North,Fully Paid,Good Loan,Low,2024-05
LN-1697,2024-05-24 07:39:49.189189184,5000,3921.3243780113335,North,Current,Good Loan,Low,2024-05
LN-1698,2024-05-25 01:12:04.324324320,35000,33221.53216988876,North,Fully Paid,Good Loan,High,2024-05
LN-1699,2024-05-25 18:44:19.459459456,25000,23815.60220092521,West,Charged Off,Bad Loan,High,2024-05
LN-1700,2024-05-26 12:16:34.594594592,35000,34763.58231381394,North,Fully Paid,Good Loan,High,2024-05
LN-1701,2024-05-27 05:48:49.729729728,10000,7526.270740509039,East,Current,Good Loan,Low,2024-05
LN-1702,2024-05-27 23:21:04.864864864,20000,19726.59971745671,Central,Fully Paid,Good Loan,Medium,2024-05
LN-1703,2024-05-28 16:53:20.000000000,25000,26590.325206656413,East,Fully Paid,Good Loan,High,2024-05
LN-1704,2024-05-29 10:25:35.135135136,25000,19296.831088702416,North,Fully Paid,Good Loan,High,2024-05
LN-1705,2024-05-30 03:57:50.270270272,25000,19875.433249238777,East,Current,Good Loan,High,2024-05
LN-1706,2024-05-30 21:30:05.405405400,25000,27213.9509404164,North,Fully Paid,Good Loan,High,2024-05
LN-1707,2024-05-31 15:02:20.540540536,35000,27033.677337932855,West,Fully Paid,Good Loan,High,2024-05
LN-1708,2024-06-01 08:34:35.675675672,25000,26043.850933695794,East,Current,Good Loan,High,2024-06
LN-1709,2024-06-02 02:06:50.810810808,15000,13453.66713868821,West,Fully Paid,Good Loan,Medium,2024-06
LN-1710,2024-06-02 19:39:05.945945944,20000,15977.848595225416,West,Fully Paid,Good Loan,Medium,2024-06
LN-1711,2024-06-03 13:11:21.081081080,25000,26207.499012725115,South,Fully Paid,Good Loan,High,2024-06
LN-1712,2024-06-04 06:43:36.216216216,20000,17562.442040021324,North,Fully Paid,Good Loan,Medium,2024-06
LN-1713,2024-06-05 00:15:51.351351352,15000,13588.90412357814,Central,Fully Paid,Good Loan,Medium,2024-06
LN-1714,2024-06-05 17:48:06.486486488,15000,12655.400216398593,North,Fully Paid,Good Loan,Medium,2024-06
LN-1715,2024-06-06 11:20:21.621621616,20000,18743.60681147942,Central,Fully Paid,Good Loan,Medium,2024-06
LN-1716,2024-06-07 04:52:36.756756752,5000,3827.0477451700453,North,Fully Paid,Good Loan,Low,2024-06
LN-1717,2024-06-07 22:24:51.891891888,10000,8564.326146607043,West,Current,Good Loan,Low,2024-06
LN-1718,2024-06-08 15:57:07.027027024,5000,5438.824644670575,East,Fully Paid,Good Loan,Low,2024-06
LN-1719,2024-06-09 09:29:22.162162160,5000,4016.266865402255,East,Fully Paid,Good Loan,Low,2024-06
LN-1720,2024-06-10 03:01:37.297297296,35000,33694.31330357809,South,Charged Off,Bad Loan,High,2024-06
LN-1721,2024-06-10 20:33:52.432432432,5000,4150.380128449389,Central,Fully Paid,Good Loan,Low,2024-06
LN-1722,2024-06-11 14:06:07.567567568,25000,25234.731256866005,Central,Fully Paid,Good Loan,High,2024-06
LN-1723,2024-06-12 07:38:22.702702704,35000,26332.2312500569,Central,Current,Good Loan,High,2024-06
LN-1724,2024-06-13 01:10:37.837837840,35000,38077.49463109963,West,Charged Off,Bad Loan,High,2024-06
LN-1725,2024-06-13 18:42:52.972972968,15000,13222.737248301835,Central,Current,Good Loan,Medium,2024-06
LN-1726,2024-06-14 12:15:08.108108104,5000,3972.100926692928,East,Current,Good Loan,Low,2024-06
LN-1727,2024-06-15 05:47:23.243243240,15000,10940.980483980076,West,Current,Good Loan,Medium,2024-06
LN-1728,2024-06-15 23:19:38.378378376,20000,15358.063240700327,North,Fully Paid,Good Loan,Medium,2024-06
LN-1729,2024-06-16 16:51:53.513513512,10000,9079.09579422407,Central,Current,Good Loan,Low,2024-06
LN-1730,2024-06-17 10:24:08.648648648,35000,29218.044470038007,Central,Fully Paid,Good Loan,High,2024-06
LN-1731,2024-06-18 03:56:23.783783784,20000,20631.066927060874,North,Charged Off,Bad Loan,Medium,2024-06
LN-1732,2024-06-18 21:28:38.918918920,20000,17447.100189294448,Central,Fully Paid,Good Loan,Medium,2024-06
LN-1733,2024-06-19 15:00:54.054054056,25000,19987.1427258763,North,Fully Paid,Good Loan,High,2024-06
LN-1734,2024-06-20 08:33:09.189189184,10000,9468.579946416121,West,Fully Paid,Good Loan,Low,2024-06
LN-1735,2024-06-21 02:05:24.324324320,20000,19654.217735083566,East,Current,Good Loan,Medium,2024-06
LN-1736,2024-06-21 19:37:39.459459456,20000,15336.335263207598,North,Fully Paid,Good Loan,Medium,2024-06
LN-1737,2024-06-22 13:09:54.594594592,10000,7670.47686515327,South,Charged Off,Bad Loan,Low,2024-06
LN-1738,2024-06-23 06:42:09.729729728,10000,7146.685707734172,North,Current,Good Loan,Low,2024-06
LN-1739,2024-06-24 00:14:24.864864864,20000,19891.216120525125,Central,Fully Paid,Good Loan,Medium,2024-06
LN-1740,2024-06-24 17:46:40.000000000,10000,9655.21811048722,West,Current,Good Loan,Low,2024-06
LN-1741,2024-06-25 11:18:55.135135136,20000,17797.047005998513,West,Current,Good Loan,Medium,2024-06
LN-1742,2024-06-26 04:51:10.270270272,20000,20753.36359175358,North,Fully Paid,Good Loan,Medium,2024-06
LN-1743,2024-06-26 22:23:25.405405400,25000,25556.701529500537,East,Fully Paid,Good Loan,High,2024-06
LN-1744,2024-06-27 15:55:40.540540536,5000,4670.708728793505,South,Fully Paid,Good Loan,Low,2024-06
LN-1745,2024-06-28 09:27:55.675675672,20000,20946.170244106073,West,Fully Paid,Good Loan,Medium,2024-06
LN-1746,2024-06-29 03:00:10.810810808,15000,11735.04726022061,Central,Fully Paid,Good Loan,Medium,2024-06
LN-1747,2024-06-29 20:32:25.945945944,35000,26066.87467156819,Central,Charged Off,Bad Loan,High,2024-06
LN-1748,2024-06-30 14:04:41.081081080,5000,4039.4992230339794,East,Fully Paid,Good Loan,Low,2024-06
LN-1749,2024-07-01 07:36:56.216216216,5000,3614.1737121786296,West,Current,Good Loan,Low,2024-07
LN-1750,2024-07-02 01:09:11.351351352,5000,4562.339056002064,North,Fully Paid,Good Loan,Low,2024-07
LN-1751,2024-07-02 18:41:26.486486488,25000,26866.056922949618,Central,Fully Paid,Good Loan,High,2024-07
LN-1752,2024-07-03 12:13:41.621621616,20000,14314.748325348077,East,Current,Good Loan,Medium,2024-07
LN-1753,2024-07-04 05:45:56.756756752,25000,18721.09914010027,West,Charged Off,Bad Loan,High,2024-07
LN-1754,2024-07-04 23:18:11.891891888,20000,17617.592226267483,West,Fully Paid,Good Loan,Medium,2024-07
LN-1755,2024-07-05 16:50:27.027027024,25000,26838.750175279052,West,Fully Paid,Good Loan,High,2024-07
LN-1756,2024-07-06 10:22:42.162162160,25000,20661.561049767504,West,Fully Paid,Good Loan,High,2024-07
LN-1757,2024-07-07 03:54:57.297297296,35000,31601.287321637497,West,Fully Paid,Good Loan,High,2024-07
LN-1758,2024-07-07 21:27:12.432432432,15000,10749.437154302352,Central,Fully Paid,Good Loan,Medium,2024-07
LN-1759,2024-07-08 14:59:27.567567568,25000,18983.432009620887,East,Fully Paid,Good Loan,High,2024-07
LN-1760,2024-07-09 08:31:42.702702704,35000,38312.82172142386,West,Fully Paid,Good Loan,High,2024-07
LN-1761,2024-07-10 02:03:57.837837840,10000,10860.474785744183,South,Current,Good Loan,Low,2024-07
LN-1762,2024-07-10 19:36:12.972972968,15000,10529.639885606457,South,Fully Paid,Good Loan,Medium,2024-07
LN-1763,2024-07-11 13:08:28.108108104,25000,27018.117854232394,East,Fully Paid,Good Loan,High,2024-07
LN-1764,2024-07-12 06:40:43.243243240,5000,4778.239875631,North,Fully Paid,Good Loan,Low,2024-07
LN-1765,2024-07-13 00:12:58.378378376,10000,10471.67317808009,North,Current,Good Loan,Low,2024-07
LN-1766,2024-07-13 17:45:13.513513512,10000,8818.959422535436,North,Charged Off,Bad Loan,Low,2024-07
LN-1767,2024-07-14 11:17:28.648648648,35000,31718.344400109505,South,Fully Paid,Good Loan,High,2024-07
LN-1768,2024-07-15 04:49:43.783783784,10000,8955.386321027681,North,Current,Good Loan,Low,2024-07
LN-1769,2024-07-15 22:21:58.918918920,15000,14501.185545276627,Central,Fully Paid,Good Loan,Medium,2024-07
LN-1770,2024-07-16 15:54:14.054054056,25000,18896.51254756313,West,Fully Paid,Good Loan,High,2024-07
LN-1771,2024-07-17 09:26:29.189189184,25000,17799.73589872678,South,Fully Paid,Good Loan,High,2024-07
LN-1772,2024-07-18 02:58:44.324324320,5000,4115.859883182382,East,Fully Paid,Good Loan,Low,2024-07
LN-1773,2024-07-18 20:30:59.459459456,35000,34365.53067831306,East,Current,Good Loan,High,2024-07
LN-1774,2024-07-19 14:03:14.594594592,5000,3903.7069042458966,West,Charged Off,Bad Loan,Low,2024-07
LN-1775,2024-07-20 07:35:29.729729728,10000,9693.72973329967,South,Fully Paid,Good Loan,Low,2024-07
LN-1776,2024-07-21 01:07:44.864864864,5000,5439.824092214541,North,Fully Paid,Good Loan,Low,2024-07
LN-1777,2024-07-21 18:40:00.000000000,15000,11063.40429473651,North,Fully Paid,Good Loan,Medium,2024-07
LN-1778,2024-07-22 12:12:15.135135136,25000,24226.021182251265,Central,Fully Paid,Good Loan,High,2024-07
LN-1779,2024-07-23 05:44:30.270270272,10000,8775.000877218285,Central,Fully Paid,Good Loan,Low,2024-07
LN-1780,2024-07-23 23:16:45.405405400,5000,5236.284508755011,North,Fully Paid,Good Loan,Low,2024-07
LN-1781,2024-07-24 16:49:00.540540536,35000,26980.0970522634,East,Fully Paid,Good Loan,High,2024-07
LN-1782,2024-07-25 10:21:15.675675672,15000,14655.755713356986,East,Fully Paid,Good Loan,Medium,2024-07
LN-1783,2024-07-26 03:53:30.810810808,15000,15528.691737888661,Central,Fully Paid,Good Loan,Medium,2024-07
LN-1784,2024-07-26 21:25:45.945945944,5000,5389.228438948047,West,Fully Paid,Good Loan,Low,2024-07
LN-1785,2024-07-27 14:58:01.081081080,25000,24332.48028289646,North,Current,Good Loan,High,2024-07
LN-1786,2024-07-28 08:30:16.216216216,5000,4494.3495280168545,Central,Fully Paid,Good Loan,Low,2024-07
LN-1787,2024-07-29 02:02:31.351351352,10000,9471.388960804856,Central,Charged Off,Bad Loan,Low,2024-07
LN-1788,2024-07-29 19:34:46.486486488,5000,5237.8099689574365,North,Fully Paid,Good Loan,Low,2024-07
LN-1789,2024-07-30 13:07:01.621621616,15000,13923.658479832979,North,Current,Good Loan,Medium,2024-07
LN-1790,2024-07-31 06:39:16.756756752,5000,3560.7741193936736,East,Charged Off,Bad Loan,Low,2024-07
LN-1791,2024-08-01 00:11:31.891891888,25000,26809.486955069777,West,Current,Good Loan,High,2024-08
LN-1792,2024-08-01 17:43:47.027027024,35000,34153.37451444186,West,Fully Paid,Good Loan,High,2024-08
LN-1793,2024-08-02 11:16:02.162162160,20000,19412.107086217973,North,Current,Good Loan,Medium,2024-08
LN-1794,2024-08-03 04:48:17.297297296,5000,3931.3503047954346,South,Fully Paid,Good Loan,Low,2024-08
LN-1795,2024-08-03 22:20:32.432432432,25000,24088.854702326575,Central,Fully Paid,Good Loan,High,2024-08
LN-1796,2024-08-04 15:52:47.567567568,25000,21438.644056541583,Central,Fully Paid,Good Loan,High,2024-08
LN-1797,2024-08-05 09:25:02.702702704,35000,33617.26167858089,North,Fully Paid,Good Loan,High,2024-08
LN-1798,2024-08-06 02:57:17.837837832,15000,11139.558181847944,South,Fully Paid,Good Loan,Medium,2024-08
LN-1799,2024-08-06 20:29:32.972972968,25000,24078.45304603036,East,Charged Off,Bad Loan,High,2024-08
LN-1800,2024-08-07 14:01:48.108108104,25000,27494.13725770667,North,Current,Good Loan,High,2024-08
LN-1801,2024-08-08 07:34:03.243243240,25000,17982.12038860556,North,Fully Paid,Good Loan,High,2024-08
LN-1802,2024-08-09 01:06:18.378378376,25000,27271.741842213178,Central,Charged Off,Bad Loan,High,2024-08
LN-1803,2024-08-09 18:38:33.513513512,10000,8627.631842891482,North,Fully Paid,Good Loan,Low,2024-08
LN-1804,2024-08-10 12:10:48.648648648,10000,10483.013801349038,North,Charged Off,Bad Loan,Low,2024-08
LN-1805,2024-08-11 05:43:03.783783784,15000,15194.312904349643,North,Fully Paid,Good Loan,Medium,2024-08
LN-1806,2024-08-11 23:15:18.918918920,5000,4634.032521973336,Central,Fully Paid,Good Loan,Low,2024-08
LN-1807,2024-08-12 16:47:34.054054056,25000,24884.492092513265,East,Current,Good Loan,High,2024-08
LN-1808,2024-08-13 10:19:49.189189184,35000,36799.21785821887,East,Current,Good Loan,High,2024-08
LN-1809,2024-08-14 03:52:04.324324320,5000,4308.280643302066,North,Current,Good Loan,Low,2024-08
LN-1810,2024-08-14 21:24:19.459459456,35000,29078.464261885343,Central,Charged Off,Bad Loan,High,2024-08
LN-1811,2024-08-15 14:56:34.594594592,5000,4835.18677112717,East,Current,Good Loan,Low,2024-08
LN-1812,2024-08-16 08:28:49.729729728,15000,15347.075651647552,East,Fully Paid,Good Loan,Medium,2024-08
LN-1813,2024-08-17 02:01:04.864864864,25000,25122.85134776616,East,Charged Off,Bad Loan,High,2024-08
LN-1814,2024-08-17 19:33:20.000000000,25000,25478.136488586344,Central,Current,Good Loan,High,2024-08
LN-1815,2024-08-18 13:05:35.135135136,20000,17484.666518503465,Central,Fully Paid,Good Loan,Medium,2024-08
LN-1816,2024-08-19 06:37:50.270270272,35000,35949.67902645031,North,Charged Off,Bad Loan,High,2024-08
LN-1817,2024-08-20 00:10:05.405405400,5000,3740.4181107412164,West,Fully Paid,Good Loan,Low,2024-08
LN-1818,2024-08-20 17:42:20.540540536,5000,4588.978195921699,East,Current,Good Loan,Low,2024-08
LN-1819,2024-08-21 11:14:35.675675672,10000,7023.034641992486,West,Charged Off,Bad Loan,Low,2024-08
LN-1820,2024-08-22 04:46:50.810810808,20000,16596.686639202162,Central,Current,Good Loan,Medium,2024-08
LN-1821,2024-08-22 22:19:05.945945944,10000,8465.846139485591,Central,Current,Good Loan,Low,2024-08
LN-1822,2024-08-23 15:51:21.081081080,10000,8584.690766437023,Central,Current,Good Loan,Low,2024-08
LN-1823,2024-08-24 09:23:36.216216216,10000,9781.86882675945,West,Fully Paid,Good Loan,Low,2024-08
LN-1824,2024-08-25 02:55:51.351351352,35000,29939.81341778484,Central,Charged Off,Bad Loan,High,2024-08
LN-1825,2024-08-25 20:28:06.486486488,35000,30781.710716715428,North,Fully Paid,Good Loan,High,2024-08
LN-1826,2024-08-26 14:00:21.621621616,15000,11925.264785245965,Central,Fully Paid,Good Loan,Medium,2024-08
LN-1827,2024-08-27 07:32:36.756756752,15000,12739.51074977604,South,Fully Paid,Good Loan,Medium,2024-08
LN-1828,2024-08-28 01:04:51.891891888,10000,7909.078509052606,West,Fully Paid,Good Loan,Low,2024-08
LN-1829,2024-08-28 18:37:07.027027024,20000,14585.56739014755,South,Fully Paid,Good Loan,Medium,2024-08
LN-1830,2024-08-29 12:09:22.162162160,5000,4706.897186762756,Central,Current,Good Loan,Low,2024-08
LN-1831,2024-08-30 05:41:37.297297296,35000,33854.97917977023,North,Fully Paid,Good Loan,High,2024-08
LN-1832,2024-08-30 23:13:52.432432432,20000,18955.922768076915,East,Fully Paid,Good Loan,Medium,2024-08
LN-1833,2024-08-31 16:46:07.567567568,25000,22134.940438005724,Central,Fully Paid,Good Loan,High,2024-08
LN-1834,2024-09-01 10:18:22.702702704,35000,29817.000922509214,North,Fully Paid,Good Loan,High,2024-09
LN-1835,2024-09-02 03:50:37.837837832,35000,36586.67109400555,West,Fully Paid,Good Loan,High,2024-09
LN-1836,2024-09-02 21:22:52.972972968,15000,13614.49071081731,South,Fully Paid,Good Loan,Medium,2024-09
LN-1837,2024-09-03 14:55:08.108108104,5000,4458.363755259463,South,Fully Paid,Good Loan,Low,2024-09
LN-1838,2024-09-04 08:27:23.243243240,5000,3551.284131612871,South,Fully Paid,Good Loan,Low,2024-09
LN-1839,2024-09-05 01:59:38.378378376,25000,20912.478276261565,West,Fully Paid,Good Loan,High,2024-09
LN-1840,2024-09-05 19:31:53.513513512,25000,21301.95618785857,North,Fully Paid,Good Loan,High,2024-09
LN-1841,2024-09-06 13:04:08.648648648,35000,30083.518932556606,West,Fully Paid,Good Loan,High,2024-09
LN-1842,2024-09-07 06:36:23.783783784,10000,9320.689476909329,South,Current,Good Loan,Low,2024-09
LN-1843,2024-09-08 00:08:38.918918920,15000,13701.615280361271,Central,Current,Good Loan,Medium,2024-09
LN-1844,2024-09-08 17:40:54.054054056,15000,14147.430556760668,East,Fully Paid,Good Loan,Medium,2024-09
LN-1845,2024-09-09 11:13:09.189189184,35000,35208.3656615898,West,Charged Off,Bad Loan,High,2024-09
LN-1846,2024-09-10 04:45:24.324324320,20000,20503.88590972875,West,Fully Paid,Good Loan,Medium,2024-09
LN-1847,2024-09-10 22:17:39.459459456,10000,9872.492304905978,North,Fully Paid,Good Loan,Low,2024-09
LN-1848,2024-09-11 15:49:54.594594592,35000,37877.33174336909,North,Charged Off,Bad Loan,High,2024-09
LN-1849,2024-09-12 09:22:09.729729728,10000,7072.930330705446,West,Fully Paid,Good Loan,Low,2024-09
LN-1850,2024-09-13 02:54:24.864864864,10000,7783.111942734185,South,Charged Off,Bad Loan,Low,2024-09
LN-1851,2024-09-13 20:26:40.000000000,10000,7030.251499912568,East,Fully Paid,Good Loan,Low,2024-09
LN-1852,2024-09-14 13:58:55.135135136,35000,33564.645998164444,North,Fully Paid,Good Loan,High,2024-09
LN-1853,2024-09-15 07:31:10.270270272,15000,15888.183293699924,South,Fully Paid,Good Loan,Medium,2024-09
LN-1854,2024-09-16 01:03:25.405405400,15000,11960.893779457796,Central,Current,Good Loan,Medium,2024-09
LN-1855,2024-09-16 18:35:40.540540536,10000,10708.138179185227,North,Fully Paid,Good Loan,Low,2024-09
LN-1856,2024-09-17 12:07:55.675675672,20000,14482.139122316486,South,Current,Good Loan,Medium,2024-09
LN-1857,2024-09-18 05:40:10.810810808,5000,5368.872053611029,South,Fully Paid,Good Loan,Low,2024-09
LN-1858,2024-09-18 23:12:25.945945944,35000,29422.71762135488,East,Fully Paid,Good Loan,High,2024-09
LN-1859,2024-09-19 16:44:41.081081080,5000,3702.841656898433,East,Fully Paid,Good Loan,Low,2024-09
LN-1860,2024-09-20 10:16:56.216216216,20000,17886.974073490608,Central,Fully Paid,Good Loan,Medium,2024-09
LN-1861,2024-09-21 03:49:11.351351352,35000,28094.87194808711,South,Charged Off,Bad Loan,High,2024-09
LN-1862,2024-09-21 21:21:26.486486488,10000,8139.491607847691,South,Fully Paid,Good Loan,Low,2024-09
LN-1863,2024-09-22 14:53:41.621621616,15000,12343.73978955772,East,Current,Good Loan,Medium,2024-09
LN-1864,2024-09-23 08:25:56.756756752,5000,5106.0517956653275,North,Current,Good Loan,Low,2024-09
LN-1865,2024-09-24 01:58:11.891891888,25000,22891.612766752543,North,Fully Paid,Good Loan,High,2024-09
LN-1866,2024-09-24 19:30:27.027027024,25000,20613.076991560036,West,Fully Paid,Good Loan,High,2024-09
LN-1867,2024-09-25 13:02:42.162162160,20000,18882.67026648735,East,Fully Paid,Good Loan,Medium,2024-09
LN-1868,2024-09-26 06:34:57.297297296,10000,9864.602696892774,West,Fully Paid,Good Loan,Low,2024-09
LN-1869,2024-09-27 00:07:12.432432432,5000,4045.2480014670678,East,Fully Paid,Good Loan,Low,2024-09
LN-1870,2024-09-27 17:39:27.567567568,10000,8654.196406101406,Central,Fully Paid,Good Loan,Low,2024-09
LN-1871,2024-09-28 11:11:42.702702704,5000,3743.772186673895,South,Fully Paid,Good Loan,Low,2024-09
LN-1872,2024-09-29 04:43:57.837837832,20000,15449.194796277441,Central,Fully Paid,Good Loan,Medium,2024-09
LN-1873,2024-09-29 22:16:12.972972968,20000,19448.942831719865,East,Fully Paid,Good Loan,Medium,2024-09
LN-1874,2024-09-30 15:48:28.108108104,25000,19314.383476956267,South,Fully Paid,Good Loan,High,2024-09
LN-1875,2024-10-01 09:20:43.243243240,10000,9100.653534668241,North,Current,Good Loan,Low,2024-10
LN-1876,2024-10-02 02:52:58.378378376,35000,34426.64766411406,North,Current,Good Loan,High,2024-10
LN-1877,2024-10-02 20:25:13.513513512,25000,18568.769230947437,West,Fully Paid,Good Loan,High,2024-10
LN-1878,2024-10-03 13:57:28.648648648,10000,9269.248878515615,East,Fully Paid,Good Loan,Low,2024-10
LN-1879,2024-10-04 07:29:43.783783784,25000,20065.62783701364,East,Current,Good Loan,High,2024-10
LN-1880,2024-10-05 01:01:58.918918920,35000,37980.976253326124,North,Fully Paid,Good Loan,High,2024-10
LN-1881,2024-10-05 18:34:14.054054056,15000,13401.27388031955,Central,Current,Good Loan,Medium,2024-10
LN-1882,2024-10-06 12:06:29.189189184,15000,15335.95529865095,South,Fully Paid,Good Loan,Medium,2024-10
LN-1883,2024-10-07 05:38:44.324324320,15000,13801.359252937571,Central,Fully Paid,Good Loan,Medium,2024-10
LN-1884,2024-10-07 23:10:59.459459456,15000,10760.475197128913,Central,Fully Paid,Good Loan,Medium,2024-10
LN-1885,2024-10-08 16:43:14.594594592,5000,4766.3027511880455,North,Fully Paid,Good Loan,Low,2024-10
LN-1886,2024-10-09 10:15:29.729729728,15000,16208.420053239945,North,Fully Paid,Good Loan,Medium,2024-10
LN-1887,2024-10-10 03:47:44.864864864,35000,32922.56548204864,North,Fully Paid,Good Loan,High,2024-10
LN-1888,2024-10-10 21:20:00.000000000,20000,20553.510875414322,West,Current,Good Loan,Medium,2024-10
LN-1889,2024-10-11 14:52:15.135135136,20000,21073.651706787263,Central,Charged Off,Bad Loan,Medium,2024-10
LN-1890,2024-10-12 08:24:30.270270272,5000,3956.1595438978648,East,Fully Paid,Good Loan,Low,2024-10
LN-1891,2024-10-13 01:56:45.405405400,15000,11772.26903944936,South,Current,Good Loan,Medium,2024-10
LN-1892,2024-10-13 19:29:00.540540536,15000,14165.885933105952,West,Fully Paid,Good Loan,Medium,2024-10
LN-1893,2024-10-14 13:01:15.675675672,15000,12966.170818840228,East,Fully Paid,Good Loan,Medium,2024-10
LN-1894,2024-10-15 06:33:30.810810808,25000,25898.613028667205,Central,Current,Good Loan,High,2024-10
LN-1895,2024-10-16 00:05:45.945945944,10000,10600.092493592047,North,Fully Paid,Good Loan,Low,2024-10
LN-1896,2024-10-16 17:38:01.081081080,25000,21034.213793027182,Central,Fully Paid,Good Loan,High,2024-10
LN-1897,2024-10-17 11:10:16.216216216,10000,7947.482235897928,South,Fully Paid,Good Loan,Low,2024-10
LN-1898,2024-10-18 04:42:31.351351352,15000,15183.153091463173,West,Fully Paid,Good Loan,Medium,2024-10
LN-1899,2024-10-18 22:14:46.486486488,15000,12148.836213288818,West,Charged Off,Bad Loan,Medium,2024-10
LN-1900,2024-10-19 15:47:01.621621616,25000,25726.143185136785,South,Charged Off,Bad Loan,High,2024-10
LN-1901,2024-10-20 09:19:16.756756752,25000,21737.38253648763,East,Current,Good Loan,High,2024-10
LN-1902,2024-10-21 02:51:31.891891888,10000,9670.199597165883,East,Current,Good Loan,Low,2024-10
LN-1903,2024-10-21 20:23:47.027027024,20000,14764.282510677345,West,Fully Paid,Good Loan,Medium,2024-10
LN-1904,2024-10-22 13:56:02.162162160,10000,9495.437298706292,West,Fully Paid,Good Loan,Low,2024-10
LN-1905,2024-10-23 07:28:17.297297296,25000,22017.676787372293,North,Fully Paid,Good Loan,High,2024-10
LN-1906,2024-10-24 01:00:32.432432432,35000,32712.51848445664,East,Fully Paid,Good Loan,High,2024-10
LN-1907,2024-10-24 18:32:47.567567568,25000,19180.142077448632,South,Fully Paid,Good Loan,High,2024-10
LN-1908,2024-10-25 12:05:02.702702704,35000,34816.23242921855,East,Charged Off,Bad Loan,High,2024-10
LN-1909,2024-10-26 05:37:17.837837832,5000,5225.594155086457,North,Fully Paid,Good Loan,Low,2024-10
LN-1910,2024-10-26 23:09:32.972972968,25000,19667.398000907757,West,Fully Paid,Good Loan,High,2024-10
LN-1911,2024-10-27 16:41:48.108108104,5000,3691.429111040323,West,Fully Paid,Good Loan,Low,2024-10
LN-1912,2024-10-28 10:14:03.243243240,20000,14189.10868837069,North,Fully Paid,Good Loan,Medium,2024-10
LN-1913,2024-10-29 03:46:18.378378376,10000,9567.886001773066,South,Current,Good Loan,Low,2024-10
LN-1914,2024-10-29 21:18:33.513513512,35000,32999.31650524293,West,Fully Paid,Good Loan,High,2024-10
LN-1915,2024-10-30 14:50:48.648648648,10000,9186.78965085628,Central,Fully Paid,Good Loan,Low,2024-10
LN-1916,2024-10-31 08:23:03.783783784,5000,3963.894192231951,West,Current,Good Loan,Low,2024-10
LN-1917,2024-11-01 01:55:18.918918920,35000,29972.683942677206,Central,Fully Paid,Good Loan,High,2024-11
LN-1918,2024-11-01 19:27:34.054054048,10000,9377.905340744692,North,Fully Paid,Good Loan,Low,2024-11
LN-1919,2024-11-02 12:59:49.189189184,25000,22467.668588591692,North,Current,Good Loan,High,2024-11
LN-1920,2024-11-03 06:32:04.324324320,15000,16426.713121289325,West,Current,Good Loan,Medium,2024-11
LN-1921,2024-11-04 00:04:19.459459456,5000,3772.879505113466,East,Fully Paid,Good Loan,Low,2024-11
LN-1922,2024-11-04 17:36:34.594594592,10000,9780.578216190375,Central,Current,Good Loan,Low,2024-11
LN-1923,2024-11-05 11:08:49.729729728,5000,4308.637536208585,South,Current,Good Loan,Low,2024-11
LN-1924,2024-11-06 04:41:04.864864864,5000,4356.399229851229,West,Fully Paid,Good Loan,Low,2024-11
LN-1925,2024-11-06 22:13:20.000000000,35000,34546.36871921447,South,Charged Off,Bad Loan,High,2024-11
LN-1926,2024-11-07 15:45:35.135135136,35000,34194.106118541175,West,Current,Good Loan,High,2024-11
LN-1927,2024-11-08 09:17:50.270270272,15000,16447.535962213133,East,Current,Good Loan,Medium,2024-11
LN-1928,2024-11-09 02:50:05.405405400,25000,18783.942894541255,East,Current,Good Loan,High,2024-11
LN-1929,2024-11-09 20:22:20.540540536,5000,3708.2192987683325,East,Fully Paid,Good Loan,Low,2024-11
LN-1930,2024-11-10 13:54:35.675675672,10000,9897.355268514964,East,Fully Paid,Good Loan,Low,2024-11
LN-1931,2024-11-11 07:26:50.810810808,20000,18627.095336051272,North,Fully Paid,Good Loan,Medium,2024-11
LN-1932,2024-11-12 00:59:05.945945944,5000,4048.3213331196116,North,Fully Paid,Good Loan,Low,2024-11
LN-1933,2024-11-12 18:31:21.081081080,5000,3658.838737977973,Central,Fully Paid,Good Loan,Low,2024-11
LN-1934,2024-11-13 12:03:36.216216216,15000,11013.949497578584,South,Charged Off,Bad Loan,Medium,2024-11
LN-1935,2024-11-14 05:35:51.351351352,25000,26441.908746641184,West,Current,Good Loan,High,2024-11
LN-1936,2024-11-14 23:08:06.486486488,20000,15534.938597749942,West,Fully Paid,Good Loan,Medium,2024-11
LN-1937,2024-11-15 16:40:21.621621616,35000,29027.20186961729,North,Charged Off,Bad Loan,High,2024-11
LN-1938,2024-11-16 10:12:36.756756752,35000,27673.189631177833,West,Current,Good Loan,High,2024-11
LN-1939,2024-11-17 03:44:51.891891888,10000,8419.985223327749,North,Fully Paid,Good Loan,Low,2024-11
LN-1940,2024-11-17 21:17:07.027027024,20000,14555.390741968746,Central,Fully Paid,Good Loan,Medium,2024-11
LN-1941,2024-11-18 14:49:22.162162160,35000,31766.837072715785,South,Fully Paid,Good Loan,High,2024-11
LN-1942,2024-11-19 08:21:37.297297296,10000,7270.450254368859,Central,Current,Good Loan,Low,2024-11
LN-1943,2024-11-20 01:53:52.432432432,25000,25503.565078223615,East,Fully Paid,Good Loan,High,2024-11
LN-1944,2024-11-20 19:26:07.567567568,10000,7934.848327641733,East,Current,Good Loan,Low,2024-11
LN-1945,2024-11-21 12:58:22.702702704,35000,32060.166804463148,East,Fully Paid,Good Loan,High,2024-11
LN-1946,2024-11-22 06:30:37.837837832,15000,15780.474525368749,Central,Current,Good Loan,Medium,2024-11
LN-1947,2024-11-23 00:02:52.972972968,15000,14405.264214283166,West,Current,Good Loan,Medium,2024-11
LN-1948,2024-11-23 17:35:08.108108104,15000,13697.746719308012,South,Current,Good Loan,Medium,2024-11
LN-1949,2024-11-24 11:07:23.243243240,35000,29040.672543615256,East,Charged Off,Bad Loan,High,2024-11
LN-1950,2024-11-25 04:39:38.378378376,15000,12498.011478349186,East,Current,Good Loan,Medium,2024-11
LN-1951,2024-11-25 22:11:53.513513512,20000,19355.89564158552,East,Charged Off,Bad Loan,Medium,2024-11
LN-1952,2024-11-26 15:44:08.648648648,25000,27441.39361221168,South,Charged Off,Bad Loan,High,2024-11
LN-1953,2024-11-27 09:16:23.783783784,10000,9647.356759397515,East,Current,Good Loan,Low,2024-11
LN-1954,2024-11-28 02:48:38.918918920,10000,9231.133669480101,South,Current,Good Loan,Low,2024-11
LN-1955,2024-11-28 20:20:54.054054048,35000,34729.10714334944,East,Fully Paid,Good Loan,High,2024-11
LN-1956,2024-11-29 13:53:09.189189184,15000,13291.233673702309,Central,Fully Paid,Good Loan,Medium,2024-11
LN-1957,2024-11-30 07:25:24.324324320,15000,10860.85405560471,Central,Fully Paid,Good Loan,Medium,2024-11
LN-1958,2024-12-01 00:57:39.459459456,5000,4624.59363175582,South,Fully Paid,Good Loan,Low,2024-12
LN-1959,2024-12-01 18:29:54.594594592,25000,27076.252845053805,Central,Fully Paid,Good Loan,High,2024-12
LN-1960,2024-12-02 12:02:09.729729728,20000,15402.423538861276,South,Charged Off,Bad Loan,Medium,2024-12
LN-1961,2024-12-03 05:34:24.864864864,10000,9760.019563282664,Central,Charged Off,Bad Loan,Low,2024-12
LN-1962,2024-12-03 23:06:40.000000000,5000,3901.8673773181126,Central,Current,Good Loan,Low,2024-12
LN-1963,2024-12-04 16:38:55.135135136,5000,4571.6553689461625,South,Fully Paid,Good Loan,Low,2024-12
LN-1964,2024-12-05 10:11:10.270270272,35000,25853.470295054074,West,Fully Paid,Good Loan,High,2024-12
LN-1965,2024-12-06 03:43:25.405405400,10000,8801.483745032741,Central,Fully Paid,Good Loan,Low,2024-12
LN-1966,2024-12-06 21:15:40.540540536,35000,35086.286604533445,East,Fully Paid,Good Loan,High,2024-12
LN-1967,2024-12-07 14:47:55.675675672,20000,16780.572193911856,West,Fully Paid,Good Loan,Medium,2024-12
LN-1968,2024-12-08 08:20:10.810810808,5000,4829.823448974436,South,Fully Paid,Good Loan,Low,2024-12
LN-1969,2024-12-09 01:52:25.945945944,5000,5090.899921579459,West,Charged Off,Bad Loan,Low,2024-12
LN-1970,2024-12-09 19:24:41.081081080,25000,26771.778194794526,North,Current,Good Loan,High,2024-12
LN-1971,2024-12-10 12:56:56.216216216,20000,15877.136654843629,North,Fully Paid,Good Loan,Medium,2024-12
LN-1972,2024-12-11 06:29:11.351351352,5000,4298.631831618616,Central,Fully Paid,Good Loan,Low,2024-12
LN-1973,2024-12-12 00:01:26.486486488,20000,15219.32810664334,Central,Fully Paid,Good Loan,Medium,2024-12
LN-1974,2024-12-12 17:33:41.621621616,10000,10969.934008633501,East,Fully Paid,Good Loan,Low,2024-12
LN-1975,2024-12-13 11:05:56.756756752,15000,16062.005807545775,West,Charged Off,Bad Loan,Medium,2024-12
LN-1976,2024-12-14 04:38:11.891891888,5000,4579.91426056112,North,Fully Paid,Good Loan,Low,2024-12
LN-1977,2024-12-14 22:10:27.027027024,25000,25920.332943764213,Central,Fully Paid,Good Loan,High,2024-12
LN-1978,2024-12-15 15:42:42.162162160,10000,9083.831909088169,West,Fully Paid,Good Loan,Low,2024-12
LN-1979,2024-12-16 09:14:57.297297296,20000,18988.68550402208,Central,Fully Paid,Good Loan,Medium,2024-12
LN-1980,2024-12-17 02:47:12.432432432,35000,25747.742049624234,Central,Fully Paid,Good Loan,High,2024-12
LN-1981,2024-12-17 20:19:27.567567568,10000,10021.081681987233,North,Current,Good Loan,Low,2024-12
LN-1982,2024-12-18 13:51:42.702702704,5000,3755.4269672704695,North,Current,Good Loan,Low,2024-12
LN-1983,2024-12-19 07:23:57.837837832,20000,20608.54104202023,Central,Fully Paid,Good Loan,Medium,2024-12
LN-1984,2024-12-20 00:56:12.972972968,15000,15192.168526022317,South,Fully Paid,Good Loan,Medium,2024-12
LN-1985,2024-12-20 18:28:28.108108104,10000,9834.978790971907,Central,Fully Paid,Good Loan,Low,2024-12
LN-1986,2024-12-21 12:00:43.243243240,5000,3572.3207610495238,Central,Charged Off,Bad Loan,Low,2024-12
LN-1987,2024-12-22 05:32:58.378378376,25000,20531.283559453288,East,Fully Paid,Good Loan,High,2024-12
LN-1988,2024-12-22 23:05:13.513513512,35000,28183.5759787518,East,Fully Paid,Good Loan,High,2024-12
LN-1989,2024-12-23 16:37:28.648648648,20000,16881.09125977215,East,Fully Paid,Good Loan,Medium,2024-12
LN-1990,2024-12-24 10:09:43.783783784,10000,7350.570987055354,South,Fully Paid,Good Loan,Low,2024-12
LN-1991,2024-12-25 03:41:58.918918920,10000,10747.831292124252,South,Fully Paid,Good Loan,Low,2024-12
LN-1992,2024-12-25 21:14:14.054054048,15000,13822.81344427426,Central,Fully Paid,Good Loan,Medium,2024-12
LN-1993,2024-12-26 14:46:29.189189184,15000,12333.14586394814,East,Fully Paid,Good Loan,Medium,2024-12
LN-1994,2024-12-27 08:18:44.324324320,25000,21469.815170742833,South,Charged Off,Bad Loan,High,2024-12
LN-1995,2024-12-28 01:50:59.459459456,35000,30760.835567067697,North,Fully Paid,Good Loan,High,2024-12
LN-1996,2024-12-28 19:23:14.594594592,25000,23505.943333606174,Central,Charged Off,Bad Loan,High,2024-12
LN-1997,2024-12-29 12:55:29.729729728,5000,4531.358855392996,West,Fully Paid,Good Loan,Low,2024-12
LN-1998,2024-12-30 06:27:44.864864864,5000,5338.783946428835,Central,Charged Off,Bad Loan,Low,2024-12
LN-1999,2024-12-31 00:00:00.000000000,25000,22469.634829058305,West,Current,Good Loan,High,2024-12
